REGION,TECHNOLOGY,YEAR,VALUE
Region,BACKSTOP,2015,9999.0
Region,BACKSTOP,2016,9999.0
Region,BACKSTOP,2017,9999.0
Region,BACKSTOP,2018,9999.0
Region,BACKSTOP,2019,9999.0
Region,BACKSTOP,2020,9999.0
Region,BACKSTOP,2021,9999.0
Region,BACKSTOP,2022,9999.0
Region,BACKSTOP,2023,9999.0
Region,BACKSTOP,2024,9999.0
Region,BACKSTOP,2025,9999.0
Region,BACKSTOP,2026,9999.0
Region,BACKSTOP,2027,9999.0
Region,BACKSTOP,2028,9999.0
Region,BACKSTOP,2029,9999.0
Region,BACKSTOP,2030,9999.0
Region,BACKSTOP,2031,9999.0
Region,BACKSTOP,2032,9999.0
Region,BACKSTOP,2033,9999.0
Region,BACKSTOP,2034,9999.0
Region,BACKSTOP,2035,9999.0
Region,BACKSTOP,2036,9999.0
Region,BACKSTOP,2037,9999.0
Region,BACKSTOP,2038,9999.0
Region,BACKSTOP,2039,9999.0
Region,BACKSTOP,2040,9999.0
Region,BACKSTOP,2041,9999.0
Region,BACKSTOP,2042,9999.0
Region,BACKSTOP,2043,9999.0
Region,BACKSTOP,2044,9999.0
Region,BACKSTOP,2045,9999.0
Region,BACKSTOP,2046,9999.0
Region,BACKSTOP,2047,9999.0
Region,BACKSTOP,2048,9999.0
Region,BACKSTOP,2049,9999.0
Region,BACKSTOP,2050,9999.0
Region,BACKSTOP,2051,9999.0
Region,BACKSTOP,2052,9999.0
Region,BACKSTOP,2053,9999.0
Region,BACKSTOP,2054,9999.0
Region,BACKSTOP,2055,9999.0
Region,BACKSTOP,2056,9999.0
Region,BACKSTOP,2057,9999.0
Region,BACKSTOP,2058,9999.0
Region,BACKSTOP,2059,9999.0
Region,BACKSTOP,2060,9999.0
Region,BACKSTOP,2061,9999.0
Region,BACKSTOP,2062,9999.0
Region,BACKSTOP,2063,9999.0
Region,BACKSTOP,2064,9999.0
Region,BACKSTOP,2065,9999.0
Region,BIOMASS_1,2015,20.4
Region,BIOMASS_1,2016,20.4
Region,BIOMASS_1,2017,20.4
Region,BIOMASS_1,2018,20.4
Region,BIOMASS_1,2019,20.4
Region,BIOMASS_1,2020,20.4
Region,BIOMASS_1,2021,20.4
Region,BIOMASS_1,2022,20.4
Region,BIOMASS_1,2023,20.4
Region,BIOMASS_1,2024,20.4
Region,BIOMASS_1,2025,20.4
Region,BIOMASS_1,2026,20.4
Region,BIOMASS_1,2027,20.4
Region,BIOMASS_1,2028,20.4
Region,BIOMASS_1,2029,20.4
Region,BIOMASS_1,2030,20.4
Region,BIOMASS_1,2031,20.4
Region,BIOMASS_1,2032,20.4
Region,BIOMASS_1,2033,20.4
Region,BIOMASS_1,2034,20.4
Region,BIOMASS_1,2035,20.4
Region,BIOMASS_1,2036,20.4
Region,BIOMASS_1,2037,20.4
Region,BIOMASS_1,2038,20.4
Region,BIOMASS_1,2039,20.4
Region,BIOMASS_1,2040,20.4
Region,BIOMASS_1,2041,20.4
Region,BIOMASS_1,2042,20.4
Region,BIOMASS_1,2043,20.4
Region,BIOMASS_1,2044,20.4
Region,BIOMASS_1,2045,20.4
Region,BIOMASS_1,2046,20.4
Region,BIOMASS_1,2047,20.4
Region,BIOMASS_1,2048,20.4
Region,BIOMASS_1,2049,20.4
Region,BIOMASS_1,2050,20.4
Region,BIOMASS_1,2051,20.4
Region,BIOMASS_1,2052,20.4
Region,BIOMASS_1,2053,20.4
Region,BIOMASS_1,2054,20.4
Region,BIOMASS_1,2055,20.4
Region,BIOMASS_1,2056,20.4
Region,BIOMASS_1,2057,20.4
Region,BIOMASS_1,2058,20.4
Region,BIOMASS_1,2059,20.4
Region,BIOMASS_1,2060,20.4
Region,BIOMASS_1,2061,20.4
Region,BIOMASS_1,2062,20.4
Region,BIOMASS_1,2063,20.4
Region,BIOMASS_1,2064,20.4
Region,BIOMASS_1,2065,20.4
Region,BIOMASS_2,2015,20.4
Region,BIOMASS_2,2016,20.4
Region,BIOMASS_2,2017,20.4
Region,BIOMASS_2,2018,20.4
Region,BIOMASS_2,2019,20.4
Region,BIOMASS_2,2020,20.4
Region,BIOMASS_2,2021,20.4
Region,BIOMASS_2,2022,20.4
Region,BIOMASS_2,2023,20.4
Region,BIOMASS_2,2024,20.4
Region,BIOMASS_2,2025,20.4
Region,BIOMASS_2,2026,20.4
Region,BIOMASS_2,2027,20.4
Region,BIOMASS_2,2028,20.4
Region,BIOMASS_2,2029,20.4
Region,BIOMASS_2,2030,20.4
Region,BIOMASS_2,2031,20.4
Region,BIOMASS_2,2032,20.4
Region,BIOMASS_2,2033,20.4
Region,BIOMASS_2,2034,20.4
Region,BIOMASS_2,2035,20.4
Region,BIOMASS_2,2036,20.4
Region,BIOMASS_2,2037,20.4
Region,BIOMASS_2,2038,20.4
Region,BIOMASS_2,2039,20.4
Region,BIOMASS_2,2040,20.4
Region,BIOMASS_2,2041,20.4
Region,BIOMASS_2,2042,20.4
Region,BIOMASS_2,2043,20.4
Region,BIOMASS_2,2044,20.4
Region,BIOMASS_2,2045,20.4
Region,BIOMASS_2,2046,20.4
Region,BIOMASS_2,2047,20.4
Region,BIOMASS_2,2048,20.4
Region,BIOMASS_2,2049,20.4
Region,BIOMASS_2,2050,20.4
Region,BIOMASS_2,2051,20.4
Region,BIOMASS_2,2052,20.4
Region,BIOMASS_2,2053,20.4
Region,BIOMASS_2,2054,20.4
Region,BIOMASS_2,2055,20.4
Region,BIOMASS_2,2056,20.4
Region,BIOMASS_2,2057,20.4
Region,BIOMASS_2,2058,20.4
Region,BIOMASS_2,2059,20.4
Region,BIOMASS_2,2060,20.4
Region,BIOMASS_2,2061,20.4
Region,BIOMASS_2,2062,20.4
Region,BIOMASS_2,2063,20.4
Region,BIOMASS_2,2064,20.4
Region,BIOMASS_2,2065,20.4
Region,DIESEL_MAKENI,2015,36.8
Region,DIESEL_MAKENI,2016,36.8
Region,DIESEL_MAKENI,2017,36.8
Region,DIESEL_MAKENI,2018,36.8
Region,DIESEL_MAKENI,2019,36.8
Region,DIESEL_MAKENI,2020,36.8
Region,DIESEL_MAKENI,2021,36.8
Region,DIESEL_MAKENI,2022,36.8
Region,DIESEL_MAKENI,2023,36.8
Region,DIESEL_MAKENI,2024,36.8
Region,DIESEL_MAKENI,2025,36.8
Region,DIESEL_MAKENI,2026,36.8
Region,DIESEL_MAKENI,2027,36.8
Region,DIESEL_MAKENI,2028,36.8
Region,DIESEL_MAKENI,2029,36.8
Region,DIESEL_MAKENI,2030,36.8
Region,DIESEL_MAKENI,2031,36.8
Region,DIESEL_MAKENI,2032,36.8
Region,DIESEL_MAKENI,2033,36.8
Region,DIESEL_MAKENI,2034,36.8
Region,DIESEL_MAKENI,2035,36.8
Region,DIESEL_MAKENI,2036,36.8
Region,DIESEL_MAKENI,2037,36.8
Region,DIESEL_MAKENI,2038,36.8
Region,DIESEL_MAKENI,2039,36.8
Region,DIESEL_MAKENI,2040,36.8
Region,DIESEL_MAKENI,2041,36.8
Region,DIESEL_MAKENI,2042,36.8
Region,DIESEL_MAKENI,2043,36.8
Region,DIESEL_MAKENI,2044,36.8
Region,DIESEL_MAKENI,2045,36.8
Region,DIESEL_MAKENI,2046,36.8
Region,DIESEL_MAKENI,2047,36.8
Region,DIESEL_MAKENI,2048,36.8
Region,DIESEL_MAKENI,2049,36.8
Region,DIESEL_MAKENI,2050,36.8
Region,DIESEL_MAKENI,2051,36.8
Region,DIESEL_MAKENI,2052,36.8
Region,DIESEL_MAKENI,2053,36.8
Region,DIESEL_MAKENI,2054,36.8
Region,DIESEL_MAKENI,2055,36.8
Region,DIESEL_MAKENI,2056,36.8
Region,DIESEL_MAKENI,2057,36.8
Region,DIESEL_MAKENI,2058,36.8
Region,DIESEL_MAKENI,2059,36.8
Region,DIESEL_MAKENI,2060,36.8
Region,DIESEL_MAKENI,2061,36.8
Region,DIESEL_MAKENI,2062,36.8
Region,DIESEL_MAKENI,2063,36.8
Region,DIESEL_MAKENI,2064,36.8
Region,DIESEL_MAKENI,2065,36.8
Region,DIESEL_ODS,2015,36.8
Region,DIESEL_ODS,2016,36.8
Region,DIESEL_ODS,2017,36.8
Region,DIESEL_ODS,2018,36.8
Region,DIESEL_ODS,2019,36.8
Region,DIESEL_ODS,2020,36.8
Region,DIESEL_ODS,2021,36.8
Region,DIESEL_ODS,2022,36.8
Region,DIESEL_ODS,2023,36.8
Region,DIESEL_ODS,2024,36.8
Region,DIESEL_ODS,2025,36.8
Region,DIESEL_ODS,2026,36.8
Region,DIESEL_ODS,2027,36.8
Region,DIESEL_ODS,2028,36.8
Region,DIESEL_ODS,2029,36.8
Region,DIESEL_ODS,2030,36.8
Region,DIESEL_ODS,2031,36.8
Region,DIESEL_ODS,2032,36.8
Region,DIESEL_ODS,2033,36.8
Region,DIESEL_ODS,2034,36.8
Region,DIESEL_ODS,2035,36.8
Region,DIESEL_ODS,2036,36.8
Region,DIESEL_ODS,2037,36.8
Region,DIESEL_ODS,2038,36.8
Region,DIESEL_ODS,2039,36.8
Region,DIESEL_ODS,2040,36.8
Region,DIESEL_ODS,2041,36.8
Region,DIESEL_ODS,2042,36.8
Region,DIESEL_ODS,2043,36.8
Region,DIESEL_ODS,2044,36.8
Region,DIESEL_ODS,2045,36.8
Region,DIESEL_ODS,2046,36.8
Region,DIESEL_ODS,2047,36.8
Region,DIESEL_ODS,2048,36.8
Region,DIESEL_ODS,2049,36.8
Region,DIESEL_ODS,2050,36.8
Region,DIESEL_ODS,2051,36.8
Region,DIESEL_ODS,2052,36.8
Region,DIESEL_ODS,2053,36.8
Region,DIESEL_ODS,2054,36.8
Region,DIESEL_ODS,2055,36.8
Region,DIESEL_ODS,2056,36.8
Region,DIESEL_ODS,2057,36.8
Region,DIESEL_ODS,2058,36.8
Region,DIESEL_ODS,2059,36.8
Region,DIESEL_ODS,2060,36.8
Region,DIESEL_ODS,2061,36.8
Region,DIESEL_ODS,2062,36.8
Region,DIESEL_ODS,2063,36.8
Region,DIESEL_ODS,2064,36.8
Region,DIESEL_ODS,2065,36.8
Region,DIESEL_OHF,2015,36.8
Region,DIESEL_OHF,2016,36.8
Region,DIESEL_OHF,2017,36.8
Region,DIESEL_OHF,2018,36.8
Region,DIESEL_OHF,2019,36.8
Region,DIESEL_OHF,2020,36.8
Region,DIESEL_OHF,2021,36.8
Region,DIESEL_OHF,2022,36.8
Region,DIESEL_OHF,2023,36.8
Region,DIESEL_OHF,2024,36.8
Region,DIESEL_OHF,2025,36.8
Region,DIESEL_OHF,2026,36.8
Region,DIESEL_OHF,2027,36.8
Region,DIESEL_OHF,2028,36.8
Region,DIESEL_OHF,2029,36.8
Region,DIESEL_OHF,2030,36.8
Region,DIESEL_OHF,2031,36.8
Region,DIESEL_OHF,2032,36.8
Region,DIESEL_OHF,2033,36.8
Region,DIESEL_OHF,2034,36.8
Region,DIESEL_OHF,2035,36.8
Region,DIESEL_OHF,2036,36.8
Region,DIESEL_OHF,2037,36.8
Region,DIESEL_OHF,2038,36.8
Region,DIESEL_OHF,2039,36.8
Region,DIESEL_OHF,2040,36.8
Region,DIESEL_OHF,2041,36.8
Region,DIESEL_OHF,2042,36.8
Region,DIESEL_OHF,2043,36.8
Region,DIESEL_OHF,2044,36.8
Region,DIESEL_OHF,2045,36.8
Region,DIESEL_OHF,2046,36.8
Region,DIESEL_OHF,2047,36.8
Region,DIESEL_OHF,2048,36.8
Region,DIESEL_OHF,2049,36.8
Region,DIESEL_OHF,2050,36.8
Region,DIESEL_OHF,2051,36.8
Region,DIESEL_OHF,2052,36.8
Region,DIESEL_OHF,2053,36.8
Region,DIESEL_OHF,2054,36.8
Region,DIESEL_OHF,2055,36.8
Region,DIESEL_OHF,2056,36.8
Region,DIESEL_OHF,2057,36.8
Region,DIESEL_OHF,2058,36.8
Region,DIESEL_OHF,2059,36.8
Region,DIESEL_OHF,2060,36.8
Region,DIESEL_OHF,2061,36.8
Region,DIESEL_OHF,2062,36.8
Region,DIESEL_OHF,2063,36.8
Region,DIESEL_OHF,2064,36.8
Region,DIESEL_OHF,2065,36.8
Region,HFO_BKPS,2015,44.0
Region,HFO_BKPS,2016,44.0
Region,HFO_BKPS,2017,44.0
Region,HFO_BKPS,2018,44.0
Region,HFO_BKPS,2019,44.0
Region,HFO_BKPS,2020,44.0
Region,HFO_BKPS,2021,44.0
Region,HFO_BKPS,2022,44.0
Region,HFO_BKPS,2023,44.0
Region,HFO_BKPS,2024,44.0
Region,HFO_BKPS,2025,44.0
Region,HFO_BKPS,2026,44.0
Region,HFO_BKPS,2027,44.0
Region,HFO_BKPS,2028,44.0
Region,HFO_BKPS,2029,44.0
Region,HFO_BKPS,2030,44.0
Region,HFO_BKPS,2031,44.0
Region,HFO_BKPS,2032,44.0
Region,HFO_BKPS,2033,44.0
Region,HFO_BKPS,2034,44.0
Region,HFO_BKPS,2035,44.0
Region,HFO_BKPS,2036,44.0
Region,HFO_BKPS,2037,44.0
Region,HFO_BKPS,2038,44.0
Region,HFO_BKPS,2039,44.0
Region,HFO_BKPS,2040,44.0
Region,HFO_BKPS,2041,44.0
Region,HFO_BKPS,2042,44.0
Region,HFO_BKPS,2043,44.0
Region,HFO_BKPS,2044,44.0
Region,HFO_BKPS,2045,44.0
Region,HFO_BKPS,2046,44.0
Region,HFO_BKPS,2047,44.0
Region,HFO_BKPS,2048,44.0
Region,HFO_BKPS,2049,44.0
Region,HFO_BKPS,2050,44.0
Region,HFO_BKPS,2051,44.0
Region,HFO_BKPS,2052,44.0
Region,HFO_BKPS,2053,44.0
Region,HFO_BKPS,2054,44.0
Region,HFO_BKPS,2055,44.0
Region,HFO_BKPS,2056,44.0
Region,HFO_BKPS,2057,44.0
Region,HFO_BKPS,2058,44.0
Region,HFO_BKPS,2059,44.0
Region,HFO_BKPS,2060,44.0
Region,HFO_BKPS,2061,44.0
Region,HFO_BKPS,2062,44.0
Region,HFO_BKPS,2063,44.0
Region,HFO_BKPS,2064,44.0
Region,HFO_BKPS,2065,44.0
Region,HFO_BLACKHALL,2015,44.0
Region,HFO_BLACKHALL,2016,44.0
Region,HFO_BLACKHALL,2017,44.0
Region,HFO_BLACKHALL,2018,44.0
Region,HFO_BLACKHALL,2019,44.0
Region,HFO_BLACKHALL,2020,44.0
Region,HFO_BLACKHALL,2021,44.0
Region,HFO_BLACKHALL,2022,44.0
Region,HFO_BLACKHALL,2023,44.0
Region,HFO_BLACKHALL,2024,44.0
Region,HFO_BLACKHALL,2025,44.0
Region,HFO_BLACKHALL,2026,44.0
Region,HFO_BLACKHALL,2027,44.0
Region,HFO_BLACKHALL,2028,44.0
Region,HFO_BLACKHALL,2029,44.0
Region,HFO_BLACKHALL,2030,44.0
Region,HFO_BLACKHALL,2031,44.0
Region,HFO_BLACKHALL,2032,44.0
Region,HFO_BLACKHALL,2033,44.0
Region,HFO_BLACKHALL,2034,44.0
Region,HFO_BLACKHALL,2035,44.0
Region,HFO_BLACKHALL,2036,44.0
Region,HFO_BLACKHALL,2037,44.0
Region,HFO_BLACKHALL,2038,44.0
Region,HFO_BLACKHALL,2039,44.0
Region,HFO_BLACKHALL,2040,44.0
Region,HFO_BLACKHALL,2041,44.0
Region,HFO_BLACKHALL,2042,44.0
Region,HFO_BLACKHALL,2043,44.0
Region,HFO_BLACKHALL,2044,44.0
Region,HFO_BLACKHALL,2045,44.0
Region,HFO_BLACKHALL,2046,44.0
Region,HFO_BLACKHALL,2047,44.0
Region,HFO_BLACKHALL,2048,44.0
Region,HFO_BLACKHALL,2049,44.0
Region,HFO_BLACKHALL,2050,44.0
Region,HFO_BLACKHALL,2051,44.0
Region,HFO_BLACKHALL,2052,44.0
Region,HFO_BLACKHALL,2053,44.0
Region,HFO_BLACKHALL,2054,44.0
Region,HFO_BLACKHALL,2055,44.0
Region,HFO_BLACKHALL,2056,44.0
Region,HFO_BLACKHALL,2057,44.0
Region,HFO_BLACKHALL,2058,44.0
Region,HFO_BLACKHALL,2059,44.0
Region,HFO_BLACKHALL,2060,44.0
Region,HFO_BLACKHALL,2061,44.0
Region,HFO_BLACKHALL,2062,44.0
Region,HFO_BLACKHALL,2063,44.0
Region,HFO_BLACKHALL,2064,44.0
Region,HFO_BLACKHALL,2065,44.0
Region,HFO_KINGTOM,2015,44.0
Region,HFO_KINGTOM,2016,44.0
Region,HFO_KINGTOM,2017,44.0
Region,HFO_KINGTOM,2018,44.0
Region,HFO_KINGTOM,2019,44.0
Region,HFO_KINGTOM,2020,44.0
Region,HFO_KINGTOM,2021,44.0
Region,HFO_KINGTOM,2022,44.0
Region,HFO_KINGTOM,2023,44.0
Region,HFO_KINGTOM,2024,44.0
Region,HFO_KINGTOM,2025,44.0
Region,HFO_KINGTOM,2026,44.0
Region,HFO_KINGTOM,2027,44.0
Region,HFO_KINGTOM,2028,44.0
Region,HFO_KINGTOM,2029,44.0
Region,HFO_KINGTOM,2030,44.0
Region,HFO_KINGTOM,2031,44.0
Region,HFO_KINGTOM,2032,44.0
Region,HFO_KINGTOM,2033,44.0
Region,HFO_KINGTOM,2034,44.0
Region,HFO_KINGTOM,2035,44.0
Region,HFO_KINGTOM,2036,44.0
Region,HFO_KINGTOM,2037,44.0
Region,HFO_KINGTOM,2038,44.0
Region,HFO_KINGTOM,2039,44.0
Region,HFO_KINGTOM,2040,44.0
Region,HFO_KINGTOM,2041,44.0
Region,HFO_KINGTOM,2042,44.0
Region,HFO_KINGTOM,2043,44.0
Region,HFO_KINGTOM,2044,44.0
Region,HFO_KINGTOM,2045,44.0
Region,HFO_KINGTOM,2046,44.0
Region,HFO_KINGTOM,2047,44.0
Region,HFO_KINGTOM,2048,44.0
Region,HFO_KINGTOM,2049,44.0
Region,HFO_KINGTOM,2050,44.0
Region,HFO_KINGTOM,2051,44.0
Region,HFO_KINGTOM,2052,44.0
Region,HFO_KINGTOM,2053,44.0
Region,HFO_KINGTOM,2054,44.0
Region,HFO_KINGTOM,2055,44.0
Region,HFO_KINGTOM,2056,44.0
Region,HFO_KINGTOM,2057,44.0
Region,HFO_KINGTOM,2058,44.0
Region,HFO_KINGTOM,2059,44.0
Region,HFO_KINGTOM,2060,44.0
Region,HFO_KINGTOM,2061,44.0
Region,HFO_KINGTOM,2062,44.0
Region,HFO_KINGTOM,2063,44.0
Region,HFO_KINGTOM,2064,44.0
Region,HFO_KINGTOM,2065,44.0
Region,HFO_KOIDU,2015,44.0
Region,HFO_KOIDU,2016,44.0
Region,HFO_KOIDU,2017,44.0
Region,HFO_KOIDU,2018,44.0
Region,HFO_KOIDU,2019,44.0
Region,HFO_KOIDU,2020,44.0
Region,HFO_KOIDU,2021,44.0
Region,HFO_KOIDU,2022,44.0
Region,HFO_KOIDU,2023,44.0
Region,HFO_KOIDU,2024,44.0
Region,HFO_KOIDU,2025,44.0
Region,HFO_KOIDU,2026,44.0
Region,HFO_KOIDU,2027,44.0
Region,HFO_KOIDU,2028,44.0
Region,HFO_KOIDU,2029,44.0
Region,HFO_KOIDU,2030,44.0
Region,HFO_KOIDU,2031,44.0
Region,HFO_KOIDU,2032,44.0
Region,HFO_KOIDU,2033,44.0
Region,HFO_KOIDU,2034,44.0
Region,HFO_KOIDU,2035,44.0
Region,HFO_KOIDU,2036,44.0
Region,HFO_KOIDU,2037,44.0
Region,HFO_KOIDU,2038,44.0
Region,HFO_KOIDU,2039,44.0
Region,HFO_KOIDU,2040,44.0
Region,HFO_KOIDU,2041,44.0
Region,HFO_KOIDU,2042,44.0
Region,HFO_KOIDU,2043,44.0
Region,HFO_KOIDU,2044,44.0
Region,HFO_KOIDU,2045,44.0
Region,HFO_KOIDU,2046,44.0
Region,HFO_KOIDU,2047,44.0
Region,HFO_KOIDU,2048,44.0
Region,HFO_KOIDU,2049,44.0
Region,HFO_KOIDU,2050,44.0
Region,HFO_KOIDU,2051,44.0
Region,HFO_KOIDU,2052,44.0
Region,HFO_KOIDU,2053,44.0
Region,HFO_KOIDU,2054,44.0
Region,HFO_KOIDU,2055,44.0
Region,HFO_KOIDU,2056,44.0
Region,HFO_KOIDU,2057,44.0
Region,HFO_KOIDU,2058,44.0
Region,HFO_KOIDU,2059,44.0
Region,HFO_KOIDU,2060,44.0
Region,HFO_KOIDU,2061,44.0
Region,HFO_KOIDU,2062,44.0
Region,HFO_KOIDU,2063,44.0
Region,HFO_KOIDU,2064,44.0
Region,HFO_KOIDU,2065,44.0
Region,HFO_KONO,2015,44.0
Region,HFO_KONO,2016,44.0
Region,HFO_KONO,2017,44.0
Region,HFO_KONO,2018,44.0
Region,HFO_KONO,2019,44.0
Region,HFO_KONO,2020,44.0
Region,HFO_KONO,2021,44.0
Region,HFO_KONO,2022,44.0
Region,HFO_KONO,2023,44.0
Region,HFO_KONO,2024,44.0
Region,HFO_KONO,2025,44.0
Region,HFO_KONO,2026,44.0
Region,HFO_KONO,2027,44.0
Region,HFO_KONO,2028,44.0
Region,HFO_KONO,2029,44.0
Region,HFO_KONO,2030,44.0
Region,HFO_KONO,2031,44.0
Region,HFO_KONO,2032,44.0
Region,HFO_KONO,2033,44.0
Region,HFO_KONO,2034,44.0
Region,HFO_KONO,2035,44.0
Region,HFO_KONO,2036,44.0
Region,HFO_KONO,2037,44.0
Region,HFO_KONO,2038,44.0
Region,HFO_KONO,2039,44.0
Region,HFO_KONO,2040,44.0
Region,HFO_KONO,2041,44.0
Region,HFO_KONO,2042,44.0
Region,HFO_KONO,2043,44.0
Region,HFO_KONO,2044,44.0
Region,HFO_KONO,2045,44.0
Region,HFO_KONO,2046,44.0
Region,HFO_KONO,2047,44.0
Region,HFO_KONO,2048,44.0
Region,HFO_KONO,2049,44.0
Region,HFO_KONO,2050,44.0
Region,HFO_KONO,2051,44.0
Region,HFO_KONO,2052,44.0
Region,HFO_KONO,2053,44.0
Region,HFO_KONO,2054,44.0
Region,HFO_KONO,2055,44.0
Region,HFO_KONO,2056,44.0
Region,HFO_KONO,2057,44.0
Region,HFO_KONO,2058,44.0
Region,HFO_KONO,2059,44.0
Region,HFO_KONO,2060,44.0
Region,HFO_KONO,2061,44.0
Region,HFO_KONO,2062,44.0
Region,HFO_KONO,2063,44.0
Region,HFO_KONO,2064,44.0
Region,HFO_KONO,2065,44.0
Region,HFO_LUNGI,2015,44.0
Region,HFO_LUNGI,2016,44.0
Region,HFO_LUNGI,2017,44.0
Region,HFO_LUNGI,2018,44.0
Region,HFO_LUNGI,2019,44.0
Region,HFO_LUNGI,2020,44.0
Region,HFO_LUNGI,2021,44.0
Region,HFO_LUNGI,2022,44.0
Region,HFO_LUNGI,2023,44.0
Region,HFO_LUNGI,2024,44.0
Region,HFO_LUNGI,2025,44.0
Region,HFO_LUNGI,2026,44.0
Region,HFO_LUNGI,2027,44.0
Region,HFO_LUNGI,2028,44.0
Region,HFO_LUNGI,2029,44.0
Region,HFO_LUNGI,2030,44.0
Region,HFO_LUNGI,2031,44.0
Region,HFO_LUNGI,2032,44.0
Region,HFO_LUNGI,2033,44.0
Region,HFO_LUNGI,2034,44.0
Region,HFO_LUNGI,2035,44.0
Region,HFO_LUNGI,2036,44.0
Region,HFO_LUNGI,2037,44.0
Region,HFO_LUNGI,2038,44.0
Region,HFO_LUNGI,2039,44.0
Region,HFO_LUNGI,2040,44.0
Region,HFO_LUNGI,2041,44.0
Region,HFO_LUNGI,2042,44.0
Region,HFO_LUNGI,2043,44.0
Region,HFO_LUNGI,2044,44.0
Region,HFO_LUNGI,2045,44.0
Region,HFO_LUNGI,2046,44.0
Region,HFO_LUNGI,2047,44.0
Region,HFO_LUNGI,2048,44.0
Region,HFO_LUNGI,2049,44.0
Region,HFO_LUNGI,2050,44.0
Region,HFO_LUNGI,2051,44.0
Region,HFO_LUNGI,2052,44.0
Region,HFO_LUNGI,2053,44.0
Region,HFO_LUNGI,2054,44.0
Region,HFO_LUNGI,2055,44.0
Region,HFO_LUNGI,2056,44.0
Region,HFO_LUNGI,2057,44.0
Region,HFO_LUNGI,2058,44.0
Region,HFO_LUNGI,2059,44.0
Region,HFO_LUNGI,2060,44.0
Region,HFO_LUNGI,2061,44.0
Region,HFO_LUNGI,2062,44.0
Region,HFO_LUNGI,2063,44.0
Region,HFO_LUNGI,2064,44.0
Region,HFO_LUNGI,2065,44.0
Region,HFO_LUNSAR,2015,44.0
Region,HFO_LUNSAR,2016,44.0
Region,HFO_LUNSAR,2017,44.0
Region,HFO_LUNSAR,2018,44.0
Region,HFO_LUNSAR,2019,44.0
Region,HFO_LUNSAR,2020,44.0
Region,HFO_LUNSAR,2021,44.0
Region,HFO_LUNSAR,2022,44.0
Region,HFO_LUNSAR,2023,44.0
Region,HFO_LUNSAR,2024,44.0
Region,HFO_LUNSAR,2025,44.0
Region,HFO_LUNSAR,2026,44.0
Region,HFO_LUNSAR,2027,44.0
Region,HFO_LUNSAR,2028,44.0
Region,HFO_LUNSAR,2029,44.0
Region,HFO_LUNSAR,2030,44.0
Region,HFO_LUNSAR,2031,44.0
Region,HFO_LUNSAR,2032,44.0
Region,HFO_LUNSAR,2033,44.0
Region,HFO_LUNSAR,2034,44.0
Region,HFO_LUNSAR,2035,44.0
Region,HFO_LUNSAR,2036,44.0
Region,HFO_LUNSAR,2037,44.0
Region,HFO_LUNSAR,2038,44.0
Region,HFO_LUNSAR,2039,44.0
Region,HFO_LUNSAR,2040,44.0
Region,HFO_LUNSAR,2041,44.0
Region,HFO_LUNSAR,2042,44.0
Region,HFO_LUNSAR,2043,44.0
Region,HFO_LUNSAR,2044,44.0
Region,HFO_LUNSAR,2045,44.0
Region,HFO_LUNSAR,2046,44.0
Region,HFO_LUNSAR,2047,44.0
Region,HFO_LUNSAR,2048,44.0
Region,HFO_LUNSAR,2049,44.0
Region,HFO_LUNSAR,2050,44.0
Region,HFO_LUNSAR,2051,44.0
Region,HFO_LUNSAR,2052,44.0
Region,HFO_LUNSAR,2053,44.0
Region,HFO_LUNSAR,2054,44.0
Region,HFO_LUNSAR,2055,44.0
Region,HFO_LUNSAR,2056,44.0
Region,HFO_LUNSAR,2057,44.0
Region,HFO_LUNSAR,2058,44.0
Region,HFO_LUNSAR,2059,44.0
Region,HFO_LUNSAR,2060,44.0
Region,HFO_LUNSAR,2061,44.0
Region,HFO_LUNSAR,2062,44.0
Region,HFO_LUNSAR,2063,44.0
Region,HFO_LUNSAR,2064,44.0
Region,HFO_LUNSAR,2065,44.0
Region,HFO_WAPP,2015,44.0
Region,HFO_WAPP,2016,44.0
Region,HFO_WAPP,2017,44.0
Region,HFO_WAPP,2018,44.0
Region,HFO_WAPP,2019,44.0
Region,HFO_WAPP,2020,44.0
Region,HFO_WAPP,2021,44.0
Region,HFO_WAPP,2022,44.0
Region,HFO_WAPP,2023,44.0
Region,HFO_WAPP,2024,44.0
Region,HFO_WAPP,2025,44.0
Region,HFO_WAPP,2026,44.0
Region,HFO_WAPP,2027,44.0
Region,HFO_WAPP,2028,44.0
Region,HFO_WAPP,2029,44.0
Region,HFO_WAPP,2030,44.0
Region,HFO_WAPP,2031,44.0
Region,HFO_WAPP,2032,44.0
Region,HFO_WAPP,2033,44.0
Region,HFO_WAPP,2034,44.0
Region,HFO_WAPP,2035,44.0
Region,HFO_WAPP,2036,44.0
Region,HFO_WAPP,2037,44.0
Region,HFO_WAPP,2038,44.0
Region,HFO_WAPP,2039,44.0
Region,HFO_WAPP,2040,44.0
Region,HFO_WAPP,2041,44.0
Region,HFO_WAPP,2042,44.0
Region,HFO_WAPP,2043,44.0
Region,HFO_WAPP,2044,44.0
Region,HFO_WAPP,2045,44.0
Region,HFO_WAPP,2046,44.0
Region,HFO_WAPP,2047,44.0
Region,HFO_WAPP,2048,44.0
Region,HFO_WAPP,2049,44.0
Region,HFO_WAPP,2050,44.0
Region,HFO_WAPP,2051,44.0
Region,HFO_WAPP,2052,44.0
Region,HFO_WAPP,2053,44.0
Region,HFO_WAPP,2054,44.0
Region,HFO_WAPP,2055,44.0
Region,HFO_WAPP,2056,44.0
Region,HFO_WAPP,2057,44.0
Region,HFO_WAPP,2058,44.0
Region,HFO_WAPP,2059,44.0
Region,HFO_WAPP,2060,44.0
Region,HFO_WAPP,2061,44.0
Region,HFO_WAPP,2062,44.0
Region,HFO_WAPP,2063,44.0
Region,HFO_WAPP,2064,44.0
Region,HFO_WAPP,2065,44.0
Region,HY_BANKASOKA,2015,124.0
Region,HY_BANKASOKA,2016,124.0
Region,HY_BANKASOKA,2017,124.0
Region,HY_BANKASOKA,2018,124.0
Region,HY_BANKASOKA,2019,124.0
Region,HY_BANKASOKA,2020,124.0
Region,HY_BANKASOKA,2021,124.0
Region,HY_BANKASOKA,2022,124.0
Region,HY_BANKASOKA,2023,124.0
Region,HY_BANKASOKA,2024,124.0
Region,HY_BANKASOKA,2025,124.0
Region,HY_BANKASOKA,2026,124.0
Region,HY_BANKASOKA,2027,124.0
Region,HY_BANKASOKA,2028,124.0
Region,HY_BANKASOKA,2029,124.0
Region,HY_BANKASOKA,2030,124.0
Region,HY_BANKASOKA,2031,124.0
Region,HY_BANKASOKA,2032,124.0
Region,HY_BANKASOKA,2033,124.0
Region,HY_BANKASOKA,2034,124.0
Region,HY_BANKASOKA,2035,124.0
Region,HY_BANKASOKA,2036,124.0
Region,HY_BANKASOKA,2037,124.0
Region,HY_BANKASOKA,2038,124.0
Region,HY_BANKASOKA,2039,124.0
Region,HY_BANKASOKA,2040,124.0
Region,HY_BANKASOKA,2041,124.0
Region,HY_BANKASOKA,2042,124.0
Region,HY_BANKASOKA,2043,124.0
Region,HY_BANKASOKA,2044,124.0
Region,HY_BANKASOKA,2045,124.0
Region,HY_BANKASOKA,2046,124.0
Region,HY_BANKASOKA,2047,124.0
Region,HY_BANKASOKA,2048,124.0
Region,HY_BANKASOKA,2049,124.0
Region,HY_BANKASOKA,2050,124.0
Region,HY_BANKASOKA,2051,124.0
Region,HY_BANKASOKA,2052,124.0
Region,HY_BANKASOKA,2053,124.0
Region,HY_BANKASOKA,2054,124.0
Region,HY_BANKASOKA,2055,124.0
Region,HY_BANKASOKA,2056,124.0
Region,HY_BANKASOKA,2057,124.0
Region,HY_BANKASOKA,2058,124.0
Region,HY_BANKASOKA,2059,124.0
Region,HY_BANKASOKA,2060,124.0
Region,HY_BANKASOKA,2061,124.0
Region,HY_BANKASOKA,2062,124.0
Region,HY_BANKASOKA,2063,124.0
Region,HY_BANKASOKA,2064,124.0
Region,HY_BANKASOKA,2065,124.0
Region,HY_BENKONGOR1,2015,79.8
Region,HY_BENKONGOR1,2016,79.8
Region,HY_BENKONGOR1,2017,79.8
Region,HY_BENKONGOR1,2018,79.8
Region,HY_BENKONGOR1,2019,79.8
Region,HY_BENKONGOR1,2020,79.8
Region,HY_BENKONGOR1,2021,79.8
Region,HY_BENKONGOR1,2022,79.8
Region,HY_BENKONGOR1,2023,79.8
Region,HY_BENKONGOR1,2024,79.8
Region,HY_BENKONGOR1,2025,79.8
Region,HY_BENKONGOR1,2026,79.8
Region,HY_BENKONGOR1,2027,79.8
Region,HY_BENKONGOR1,2028,79.8
Region,HY_BENKONGOR1,2029,79.8
Region,HY_BENKONGOR1,2030,79.8
Region,HY_BENKONGOR1,2031,79.8
Region,HY_BENKONGOR1,2032,79.8
Region,HY_BENKONGOR1,2033,79.8
Region,HY_BENKONGOR1,2034,79.8
Region,HY_BENKONGOR1,2035,79.8
Region,HY_BENKONGOR1,2036,79.8
Region,HY_BENKONGOR1,2037,79.8
Region,HY_BENKONGOR1,2038,79.8
Region,HY_BENKONGOR1,2039,79.8
Region,HY_BENKONGOR1,2040,79.8
Region,HY_BENKONGOR1,2041,79.8
Region,HY_BENKONGOR1,2042,79.8
Region,HY_BENKONGOR1,2043,79.8
Region,HY_BENKONGOR1,2044,79.8
Region,HY_BENKONGOR1,2045,79.8
Region,HY_BENKONGOR1,2046,79.8
Region,HY_BENKONGOR1,2047,79.8
Region,HY_BENKONGOR1,2048,79.8
Region,HY_BENKONGOR1,2049,79.8
Region,HY_BENKONGOR1,2050,79.8
Region,HY_BENKONGOR1,2051,79.8
Region,HY_BENKONGOR1,2052,79.8
Region,HY_BENKONGOR1,2053,79.8
Region,HY_BENKONGOR1,2054,79.8
Region,HY_BENKONGOR1,2055,79.8
Region,HY_BENKONGOR1,2056,79.8
Region,HY_BENKONGOR1,2057,79.8
Region,HY_BENKONGOR1,2058,79.8
Region,HY_BENKONGOR1,2059,79.8
Region,HY_BENKONGOR1,2060,79.8
Region,HY_BENKONGOR1,2061,79.8
Region,HY_BENKONGOR1,2062,79.8
Region,HY_BENKONGOR1,2063,79.8
Region,HY_BENKONGOR1,2064,79.8
Region,HY_BENKONGOR1,2065,79.8
Region,HY_BENKONGOR2,2015,79.8
Region,HY_BENKONGOR2,2016,79.8
Region,HY_BENKONGOR2,2017,79.8
Region,HY_BENKONGOR2,2018,79.8
Region,HY_BENKONGOR2,2019,79.8
Region,HY_BENKONGOR2,2020,79.8
Region,HY_BENKONGOR2,2021,79.8
Region,HY_BENKONGOR2,2022,79.8
Region,HY_BENKONGOR2,2023,79.8
Region,HY_BENKONGOR2,2024,79.8
Region,HY_BENKONGOR2,2025,79.8
Region,HY_BENKONGOR2,2026,79.8
Region,HY_BENKONGOR2,2027,79.8
Region,HY_BENKONGOR2,2028,79.8
Region,HY_BENKONGOR2,2029,79.8
Region,HY_BENKONGOR2,2030,79.8
Region,HY_BENKONGOR2,2031,79.8
Region,HY_BENKONGOR2,2032,79.8
Region,HY_BENKONGOR2,2033,79.8
Region,HY_BENKONGOR2,2034,79.8
Region,HY_BENKONGOR2,2035,79.8
Region,HY_BENKONGOR2,2036,79.8
Region,HY_BENKONGOR2,2037,79.8
Region,HY_BENKONGOR2,2038,79.8
Region,HY_BENKONGOR2,2039,79.8
Region,HY_BENKONGOR2,2040,79.8
Region,HY_BENKONGOR2,2041,79.8
Region,HY_BENKONGOR2,2042,79.8
Region,HY_BENKONGOR2,2043,79.8
Region,HY_BENKONGOR2,2044,79.8
Region,HY_BENKONGOR2,2045,79.8
Region,HY_BENKONGOR2,2046,79.8
Region,HY_BENKONGOR2,2047,79.8
Region,HY_BENKONGOR2,2048,79.8
Region,HY_BENKONGOR2,2049,79.8
Region,HY_BENKONGOR2,2050,79.8
Region,HY_BENKONGOR2,2051,79.8
Region,HY_BENKONGOR2,2052,79.8
Region,HY_BENKONGOR2,2053,79.8
Region,HY_BENKONGOR2,2054,79.8
Region,HY_BENKONGOR2,2055,79.8
Region,HY_BENKONGOR2,2056,79.8
Region,HY_BENKONGOR2,2057,79.8
Region,HY_BENKONGOR2,2058,79.8
Region,HY_BENKONGOR2,2059,79.8
Region,HY_BENKONGOR2,2060,79.8
Region,HY_BENKONGOR2,2061,79.8
Region,HY_BENKONGOR2,2062,79.8
Region,HY_BENKONGOR2,2063,79.8
Region,HY_BENKONGOR2,2064,79.8
Region,HY_BENKONGOR2,2065,79.8
Region,HY_BENKONGOR3,2015,79.8
Region,HY_BENKONGOR3,2016,79.8
Region,HY_BENKONGOR3,2017,79.8
Region,HY_BENKONGOR3,2018,79.8
Region,HY_BENKONGOR3,2019,79.8
Region,HY_BENKONGOR3,2020,79.8
Region,HY_BENKONGOR3,2021,79.8
Region,HY_BENKONGOR3,2022,79.8
Region,HY_BENKONGOR3,2023,79.8
Region,HY_BENKONGOR3,2024,79.8
Region,HY_BENKONGOR3,2025,79.8
Region,HY_BENKONGOR3,2026,79.8
Region,HY_BENKONGOR3,2027,79.8
Region,HY_BENKONGOR3,2028,79.8
Region,HY_BENKONGOR3,2029,79.8
Region,HY_BENKONGOR3,2030,79.8
Region,HY_BENKONGOR3,2031,79.8
Region,HY_BENKONGOR3,2032,79.8
Region,HY_BENKONGOR3,2033,79.8
Region,HY_BENKONGOR3,2034,79.8
Region,HY_BENKONGOR3,2035,79.8
Region,HY_BENKONGOR3,2036,79.8
Region,HY_BENKONGOR3,2037,79.8
Region,HY_BENKONGOR3,2038,79.8
Region,HY_BENKONGOR3,2039,79.8
Region,HY_BENKONGOR3,2040,79.8
Region,HY_BENKONGOR3,2041,79.8
Region,HY_BENKONGOR3,2042,79.8
Region,HY_BENKONGOR3,2043,79.8
Region,HY_BENKONGOR3,2044,79.8
Region,HY_BENKONGOR3,2045,79.8
Region,HY_BENKONGOR3,2046,79.8
Region,HY_BENKONGOR3,2047,79.8
Region,HY_BENKONGOR3,2048,79.8
Region,HY_BENKONGOR3,2049,79.8
Region,HY_BENKONGOR3,2050,79.8
Region,HY_BENKONGOR3,2051,79.8
Region,HY_BENKONGOR3,2052,79.8
Region,HY_BENKONGOR3,2053,79.8
Region,HY_BENKONGOR3,2054,79.8
Region,HY_BENKONGOR3,2055,79.8
Region,HY_BENKONGOR3,2056,79.8
Region,HY_BENKONGOR3,2057,79.8
Region,HY_BENKONGOR3,2058,79.8
Region,HY_BENKONGOR3,2059,79.8
Region,HY_BENKONGOR3,2060,79.8
Region,HY_BENKONGOR3,2061,79.8
Region,HY_BENKONGOR3,2062,79.8
Region,HY_BENKONGOR3,2063,79.8
Region,HY_BENKONGOR3,2064,79.8
Region,HY_BENKONGOR3,2065,79.8
Region,HY_BUMBUNA1,2015,66.24
Region,HY_BUMBUNA1,2016,66.24
Region,HY_BUMBUNA1,2017,66.24
Region,HY_BUMBUNA1,2018,66.24
Region,HY_BUMBUNA1,2019,66.24
Region,HY_BUMBUNA1,2020,66.24
Region,HY_BUMBUNA1,2021,66.24
Region,HY_BUMBUNA1,2022,66.24
Region,HY_BUMBUNA1,2023,66.24
Region,HY_BUMBUNA1,2024,66.24
Region,HY_BUMBUNA1,2025,66.24
Region,HY_BUMBUNA1,2026,66.24
Region,HY_BUMBUNA1,2027,66.24
Region,HY_BUMBUNA1,2028,66.24
Region,HY_BUMBUNA1,2029,66.24
Region,HY_BUMBUNA1,2030,66.24
Region,HY_BUMBUNA1,2031,66.24
Region,HY_BUMBUNA1,2032,66.24
Region,HY_BUMBUNA1,2033,66.24
Region,HY_BUMBUNA1,2034,66.24
Region,HY_BUMBUNA1,2035,66.24
Region,HY_BUMBUNA1,2036,66.24
Region,HY_BUMBUNA1,2037,66.24
Region,HY_BUMBUNA1,2038,66.24
Region,HY_BUMBUNA1,2039,66.24
Region,HY_BUMBUNA1,2040,66.24
Region,HY_BUMBUNA1,2041,66.24
Region,HY_BUMBUNA1,2042,66.24
Region,HY_BUMBUNA1,2043,66.24
Region,HY_BUMBUNA1,2044,66.24
Region,HY_BUMBUNA1,2045,66.24
Region,HY_BUMBUNA1,2046,66.24
Region,HY_BUMBUNA1,2047,66.24
Region,HY_BUMBUNA1,2048,66.24
Region,HY_BUMBUNA1,2049,66.24
Region,HY_BUMBUNA1,2050,66.24
Region,HY_BUMBUNA1,2051,66.24
Region,HY_BUMBUNA1,2052,66.24
Region,HY_BUMBUNA1,2053,66.24
Region,HY_BUMBUNA1,2054,66.24
Region,HY_BUMBUNA1,2055,66.24
Region,HY_BUMBUNA1,2056,66.24
Region,HY_BUMBUNA1,2057,66.24
Region,HY_BUMBUNA1,2058,66.24
Region,HY_BUMBUNA1,2059,66.24
Region,HY_BUMBUNA1,2060,66.24
Region,HY_BUMBUNA1,2061,66.24
Region,HY_BUMBUNA1,2062,66.24
Region,HY_BUMBUNA1,2063,66.24
Region,HY_BUMBUNA1,2064,66.24
Region,HY_BUMBUNA1,2065,66.24
Region,HY_BUMBUNA2,2015,63.59
Region,HY_BUMBUNA2,2016,63.59
Region,HY_BUMBUNA2,2017,63.59
Region,HY_BUMBUNA2,2018,63.59
Region,HY_BUMBUNA2,2019,63.59
Region,HY_BUMBUNA2,2020,63.59
Region,HY_BUMBUNA2,2021,63.59
Region,HY_BUMBUNA2,2022,63.59
Region,HY_BUMBUNA2,2023,63.59
Region,HY_BUMBUNA2,2024,63.59
Region,HY_BUMBUNA2,2025,63.59
Region,HY_BUMBUNA2,2026,63.59
Region,HY_BUMBUNA2,2027,63.59
Region,HY_BUMBUNA2,2028,63.59
Region,HY_BUMBUNA2,2029,63.59
Region,HY_BUMBUNA2,2030,63.59
Region,HY_BUMBUNA2,2031,63.59
Region,HY_BUMBUNA2,2032,63.59
Region,HY_BUMBUNA2,2033,63.59
Region,HY_BUMBUNA2,2034,63.59
Region,HY_BUMBUNA2,2035,63.59
Region,HY_BUMBUNA2,2036,63.59
Region,HY_BUMBUNA2,2037,63.59
Region,HY_BUMBUNA2,2038,63.59
Region,HY_BUMBUNA2,2039,63.59
Region,HY_BUMBUNA2,2040,63.59
Region,HY_BUMBUNA2,2041,63.59
Region,HY_BUMBUNA2,2042,63.59
Region,HY_BUMBUNA2,2043,63.59
Region,HY_BUMBUNA2,2044,63.59
Region,HY_BUMBUNA2,2045,63.59
Region,HY_BUMBUNA2,2046,63.59
Region,HY_BUMBUNA2,2047,63.59
Region,HY_BUMBUNA2,2048,63.59
Region,HY_BUMBUNA2,2049,63.59
Region,HY_BUMBUNA2,2050,63.59
Region,HY_BUMBUNA2,2051,63.59
Region,HY_BUMBUNA2,2052,63.59
Region,HY_BUMBUNA2,2053,63.59
Region,HY_BUMBUNA2,2054,63.59
Region,HY_BUMBUNA2,2055,63.59
Region,HY_BUMBUNA2,2056,63.59
Region,HY_BUMBUNA2,2057,63.59
Region,HY_BUMBUNA2,2058,63.59
Region,HY_BUMBUNA2,2059,63.59
Region,HY_BUMBUNA2,2060,63.59
Region,HY_BUMBUNA2,2061,63.59
Region,HY_BUMBUNA2,2062,63.59
Region,HY_BUMBUNA2,2063,63.59
Region,HY_BUMBUNA2,2064,63.59
Region,HY_BUMBUNA2,2065,63.59
Region,HY_BUMBUNA3,2015,63.59
Region,HY_BUMBUNA3,2016,63.59
Region,HY_BUMBUNA3,2017,63.59
Region,HY_BUMBUNA3,2018,63.59
Region,HY_BUMBUNA3,2019,63.59
Region,HY_BUMBUNA3,2020,63.59
Region,HY_BUMBUNA3,2021,63.59
Region,HY_BUMBUNA3,2022,63.59
Region,HY_BUMBUNA3,2023,63.59
Region,HY_BUMBUNA3,2024,63.59
Region,HY_BUMBUNA3,2025,63.59
Region,HY_BUMBUNA3,2026,63.59
Region,HY_BUMBUNA3,2027,63.59
Region,HY_BUMBUNA3,2028,63.59
Region,HY_BUMBUNA3,2029,63.59
Region,HY_BUMBUNA3,2030,63.59
Region,HY_BUMBUNA3,2031,63.59
Region,HY_BUMBUNA3,2032,63.59
Region,HY_BUMBUNA3,2033,63.59
Region,HY_BUMBUNA3,2034,63.59
Region,HY_BUMBUNA3,2035,63.59
Region,HY_BUMBUNA3,2036,63.59
Region,HY_BUMBUNA3,2037,63.59
Region,HY_BUMBUNA3,2038,63.59
Region,HY_BUMBUNA3,2039,63.59
Region,HY_BUMBUNA3,2040,63.59
Region,HY_BUMBUNA3,2041,63.59
Region,HY_BUMBUNA3,2042,63.59
Region,HY_BUMBUNA3,2043,63.59
Region,HY_BUMBUNA3,2044,63.59
Region,HY_BUMBUNA3,2045,63.59
Region,HY_BUMBUNA3,2046,63.59
Region,HY_BUMBUNA3,2047,63.59
Region,HY_BUMBUNA3,2048,63.59
Region,HY_BUMBUNA3,2049,63.59
Region,HY_BUMBUNA3,2050,63.59
Region,HY_BUMBUNA3,2051,63.59
Region,HY_BUMBUNA3,2052,63.59
Region,HY_BUMBUNA3,2053,63.59
Region,HY_BUMBUNA3,2054,63.59
Region,HY_BUMBUNA3,2055,63.59
Region,HY_BUMBUNA3,2056,63.59
Region,HY_BUMBUNA3,2057,63.59
Region,HY_BUMBUNA3,2058,63.59
Region,HY_BUMBUNA3,2059,63.59
Region,HY_BUMBUNA3,2060,63.59
Region,HY_BUMBUNA3,2061,63.59
Region,HY_BUMBUNA3,2062,63.59
Region,HY_BUMBUNA3,2063,63.59
Region,HY_BUMBUNA3,2064,63.59
Region,HY_BUMBUNA3,2065,63.59
Region,HY_BUMBUNA45,2015,63.59
Region,HY_BUMBUNA45,2016,63.59
Region,HY_BUMBUNA45,2017,63.59
Region,HY_BUMBUNA45,2018,63.59
Region,HY_BUMBUNA45,2019,63.59
Region,HY_BUMBUNA45,2020,63.59
Region,HY_BUMBUNA45,2021,63.59
Region,HY_BUMBUNA45,2022,63.59
Region,HY_BUMBUNA45,2023,63.59
Region,HY_BUMBUNA45,2024,63.59
Region,HY_BUMBUNA45,2025,63.59
Region,HY_BUMBUNA45,2026,63.59
Region,HY_BUMBUNA45,2027,63.59
Region,HY_BUMBUNA45,2028,63.59
Region,HY_BUMBUNA45,2029,63.59
Region,HY_BUMBUNA45,2030,63.59
Region,HY_BUMBUNA45,2031,63.59
Region,HY_BUMBUNA45,2032,63.59
Region,HY_BUMBUNA45,2033,63.59
Region,HY_BUMBUNA45,2034,63.59
Region,HY_BUMBUNA45,2035,63.59
Region,HY_BUMBUNA45,2036,63.59
Region,HY_BUMBUNA45,2037,63.59
Region,HY_BUMBUNA45,2038,63.59
Region,HY_BUMBUNA45,2039,63.59
Region,HY_BUMBUNA45,2040,63.59
Region,HY_BUMBUNA45,2041,63.59
Region,HY_BUMBUNA45,2042,63.59
Region,HY_BUMBUNA45,2043,63.59
Region,HY_BUMBUNA45,2044,63.59
Region,HY_BUMBUNA45,2045,63.59
Region,HY_BUMBUNA45,2046,63.59
Region,HY_BUMBUNA45,2047,63.59
Region,HY_BUMBUNA45,2048,63.59
Region,HY_BUMBUNA45,2049,63.59
Region,HY_BUMBUNA45,2050,63.59
Region,HY_BUMBUNA45,2051,63.59
Region,HY_BUMBUNA45,2052,63.59
Region,HY_BUMBUNA45,2053,63.59
Region,HY_BUMBUNA45,2054,63.59
Region,HY_BUMBUNA45,2055,63.59
Region,HY_BUMBUNA45,2056,63.59
Region,HY_BUMBUNA45,2057,63.59
Region,HY_BUMBUNA45,2058,63.59
Region,HY_BUMBUNA45,2059,63.59
Region,HY_BUMBUNA45,2060,63.59
Region,HY_BUMBUNA45,2061,63.59
Region,HY_BUMBUNA45,2062,63.59
Region,HY_BUMBUNA45,2063,63.59
Region,HY_BUMBUNA45,2064,63.59
Region,HY_BUMBUNA45,2065,63.59
Region,HY_CHARLOTTE,2015,124.0
Region,HY_CHARLOTTE,2016,124.0
Region,HY_CHARLOTTE,2017,124.0
Region,HY_CHARLOTTE,2018,124.0
Region,HY_CHARLOTTE,2019,124.0
Region,HY_CHARLOTTE,2020,124.0
Region,HY_CHARLOTTE,2021,124.0
Region,HY_CHARLOTTE,2022,124.0
Region,HY_CHARLOTTE,2023,124.0
Region,HY_CHARLOTTE,2024,124.0
Region,HY_CHARLOTTE,2025,124.0
Region,HY_CHARLOTTE,2026,124.0
Region,HY_CHARLOTTE,2027,124.0
Region,HY_CHARLOTTE,2028,124.0
Region,HY_CHARLOTTE,2029,124.0
Region,HY_CHARLOTTE,2030,124.0
Region,HY_CHARLOTTE,2031,124.0
Region,HY_CHARLOTTE,2032,124.0
Region,HY_CHARLOTTE,2033,124.0
Region,HY_CHARLOTTE,2034,124.0
Region,HY_CHARLOTTE,2035,124.0
Region,HY_CHARLOTTE,2036,124.0
Region,HY_CHARLOTTE,2037,124.0
Region,HY_CHARLOTTE,2038,124.0
Region,HY_CHARLOTTE,2039,124.0
Region,HY_CHARLOTTE,2040,124.0
Region,HY_CHARLOTTE,2041,124.0
Region,HY_CHARLOTTE,2042,124.0
Region,HY_CHARLOTTE,2043,124.0
Region,HY_CHARLOTTE,2044,124.0
Region,HY_CHARLOTTE,2045,124.0
Region,HY_CHARLOTTE,2046,124.0
Region,HY_CHARLOTTE,2047,124.0
Region,HY_CHARLOTTE,2048,124.0
Region,HY_CHARLOTTE,2049,124.0
Region,HY_CHARLOTTE,2050,124.0
Region,HY_CHARLOTTE,2051,124.0
Region,HY_CHARLOTTE,2052,124.0
Region,HY_CHARLOTTE,2053,124.0
Region,HY_CHARLOTTE,2054,124.0
Region,HY_CHARLOTTE,2055,124.0
Region,HY_CHARLOTTE,2056,124.0
Region,HY_CHARLOTTE,2057,124.0
Region,HY_CHARLOTTE,2058,124.0
Region,HY_CHARLOTTE,2059,124.0
Region,HY_CHARLOTTE,2060,124.0
Region,HY_CHARLOTTE,2061,124.0
Region,HY_CHARLOTTE,2062,124.0
Region,HY_CHARLOTTE,2063,124.0
Region,HY_CHARLOTTE,2064,124.0
Region,HY_CHARLOTTE,2065,124.0
Region,HY_ENVISAGEE,2015,83.51
Region,HY_ENVISAGEE,2016,83.51
Region,HY_ENVISAGEE,2017,83.51
Region,HY_ENVISAGEE,2018,83.51
Region,HY_ENVISAGEE,2019,83.51
Region,HY_ENVISAGEE,2020,83.51
Region,HY_ENVISAGEE,2021,83.51
Region,HY_ENVISAGEE,2022,83.51
Region,HY_ENVISAGEE,2023,83.51
Region,HY_ENVISAGEE,2024,83.51
Region,HY_ENVISAGEE,2025,83.51
Region,HY_ENVISAGEE,2026,83.51
Region,HY_ENVISAGEE,2027,83.51
Region,HY_ENVISAGEE,2028,83.51
Region,HY_ENVISAGEE,2029,83.51
Region,HY_ENVISAGEE,2030,83.51
Region,HY_ENVISAGEE,2031,83.51
Region,HY_ENVISAGEE,2032,83.51
Region,HY_ENVISAGEE,2033,83.51
Region,HY_ENVISAGEE,2034,83.51
Region,HY_ENVISAGEE,2035,83.51
Region,HY_ENVISAGEE,2036,83.51
Region,HY_ENVISAGEE,2037,83.51
Region,HY_ENVISAGEE,2038,83.51
Region,HY_ENVISAGEE,2039,83.51
Region,HY_ENVISAGEE,2040,83.51
Region,HY_ENVISAGEE,2041,83.51
Region,HY_ENVISAGEE,2042,83.51
Region,HY_ENVISAGEE,2043,83.51
Region,HY_ENVISAGEE,2044,83.51
Region,HY_ENVISAGEE,2045,83.51
Region,HY_ENVISAGEE,2046,83.51
Region,HY_ENVISAGEE,2047,83.51
Region,HY_ENVISAGEE,2048,83.51
Region,HY_ENVISAGEE,2049,83.51
Region,HY_ENVISAGEE,2050,83.51
Region,HY_ENVISAGEE,2051,83.51
Region,HY_ENVISAGEE,2052,83.51
Region,HY_ENVISAGEE,2053,83.51
Region,HY_ENVISAGEE,2054,83.51
Region,HY_ENVISAGEE,2055,83.51
Region,HY_ENVISAGEE,2056,83.51
Region,HY_ENVISAGEE,2057,83.51
Region,HY_ENVISAGEE,2058,83.51
Region,HY_ENVISAGEE,2059,83.51
Region,HY_ENVISAGEE,2060,83.51
Region,HY_ENVISAGEE,2061,83.51
Region,HY_ENVISAGEE,2062,83.51
Region,HY_ENVISAGEE,2063,83.51
Region,HY_ENVISAGEE,2064,83.51
Region,HY_ENVISAGEE,2065,83.51
Region,HY_GOMA1,2015,66.24
Region,HY_GOMA1,2016,66.24
Region,HY_GOMA1,2017,66.24
Region,HY_GOMA1,2018,66.24
Region,HY_GOMA1,2019,66.24
Region,HY_GOMA1,2020,66.24
Region,HY_GOMA1,2021,66.24
Region,HY_GOMA1,2022,66.24
Region,HY_GOMA1,2023,66.24
Region,HY_GOMA1,2024,66.24
Region,HY_GOMA1,2025,66.24
Region,HY_GOMA1,2026,66.24
Region,HY_GOMA1,2027,66.24
Region,HY_GOMA1,2028,66.24
Region,HY_GOMA1,2029,66.24
Region,HY_GOMA1,2030,66.24
Region,HY_GOMA1,2031,66.24
Region,HY_GOMA1,2032,66.24
Region,HY_GOMA1,2033,66.24
Region,HY_GOMA1,2034,66.24
Region,HY_GOMA1,2035,66.24
Region,HY_GOMA1,2036,66.24
Region,HY_GOMA1,2037,66.24
Region,HY_GOMA1,2038,66.24
Region,HY_GOMA1,2039,66.24
Region,HY_GOMA1,2040,66.24
Region,HY_GOMA1,2041,66.24
Region,HY_GOMA1,2042,66.24
Region,HY_GOMA1,2043,66.24
Region,HY_GOMA1,2044,66.24
Region,HY_GOMA1,2045,66.24
Region,HY_GOMA1,2046,66.24
Region,HY_GOMA1,2047,66.24
Region,HY_GOMA1,2048,66.24
Region,HY_GOMA1,2049,66.24
Region,HY_GOMA1,2050,66.24
Region,HY_GOMA1,2051,66.24
Region,HY_GOMA1,2052,66.24
Region,HY_GOMA1,2053,66.24
Region,HY_GOMA1,2054,66.24
Region,HY_GOMA1,2055,66.24
Region,HY_GOMA1,2056,66.24
Region,HY_GOMA1,2057,66.24
Region,HY_GOMA1,2058,66.24
Region,HY_GOMA1,2059,66.24
Region,HY_GOMA1,2060,66.24
Region,HY_GOMA1,2061,66.24
Region,HY_GOMA1,2062,66.24
Region,HY_GOMA1,2063,66.24
Region,HY_GOMA1,2064,66.24
Region,HY_GOMA1,2065,66.24
Region,HY_MAKALI,2015,124.0
Region,HY_MAKALI,2016,124.0
Region,HY_MAKALI,2017,124.0
Region,HY_MAKALI,2018,124.0
Region,HY_MAKALI,2019,124.0
Region,HY_MAKALI,2020,124.0
Region,HY_MAKALI,2021,124.0
Region,HY_MAKALI,2022,124.0
Region,HY_MAKALI,2023,124.0
Region,HY_MAKALI,2024,124.0
Region,HY_MAKALI,2025,124.0
Region,HY_MAKALI,2026,124.0
Region,HY_MAKALI,2027,124.0
Region,HY_MAKALI,2028,124.0
Region,HY_MAKALI,2029,124.0
Region,HY_MAKALI,2030,124.0
Region,HY_MAKALI,2031,124.0
Region,HY_MAKALI,2032,124.0
Region,HY_MAKALI,2033,124.0
Region,HY_MAKALI,2034,124.0
Region,HY_MAKALI,2035,124.0
Region,HY_MAKALI,2036,124.0
Region,HY_MAKALI,2037,124.0
Region,HY_MAKALI,2038,124.0
Region,HY_MAKALI,2039,124.0
Region,HY_MAKALI,2040,124.0
Region,HY_MAKALI,2041,124.0
Region,HY_MAKALI,2042,124.0
Region,HY_MAKALI,2043,124.0
Region,HY_MAKALI,2044,124.0
Region,HY_MAKALI,2045,124.0
Region,HY_MAKALI,2046,124.0
Region,HY_MAKALI,2047,124.0
Region,HY_MAKALI,2048,124.0
Region,HY_MAKALI,2049,124.0
Region,HY_MAKALI,2050,124.0
Region,HY_MAKALI,2051,124.0
Region,HY_MAKALI,2052,124.0
Region,HY_MAKALI,2053,124.0
Region,HY_MAKALI,2054,124.0
Region,HY_MAKALI,2055,124.0
Region,HY_MAKALI,2056,124.0
Region,HY_MAKALI,2057,124.0
Region,HY_MAKALI,2058,124.0
Region,HY_MAKALI,2059,124.0
Region,HY_MAKALI,2060,124.0
Region,HY_MAKALI,2061,124.0
Region,HY_MAKALI,2062,124.0
Region,HY_MAKALI,2063,124.0
Region,HY_MAKALI,2064,124.0
Region,HY_MAKALI,2065,124.0
Region,HY_MOYAMBA,2015,124.0
Region,HY_MOYAMBA,2016,124.0
Region,HY_MOYAMBA,2017,124.0
Region,HY_MOYAMBA,2018,124.0
Region,HY_MOYAMBA,2019,124.0
Region,HY_MOYAMBA,2020,124.0
Region,HY_MOYAMBA,2021,124.0
Region,HY_MOYAMBA,2022,124.0
Region,HY_MOYAMBA,2023,124.0
Region,HY_MOYAMBA,2024,124.0
Region,HY_MOYAMBA,2025,124.0
Region,HY_MOYAMBA,2026,124.0
Region,HY_MOYAMBA,2027,124.0
Region,HY_MOYAMBA,2028,124.0
Region,HY_MOYAMBA,2029,124.0
Region,HY_MOYAMBA,2030,124.0
Region,HY_MOYAMBA,2031,124.0
Region,HY_MOYAMBA,2032,124.0
Region,HY_MOYAMBA,2033,124.0
Region,HY_MOYAMBA,2034,124.0
Region,HY_MOYAMBA,2035,124.0
Region,HY_MOYAMBA,2036,124.0
Region,HY_MOYAMBA,2037,124.0
Region,HY_MOYAMBA,2038,124.0
Region,HY_MOYAMBA,2039,124.0
Region,HY_MOYAMBA,2040,124.0
Region,HY_MOYAMBA,2041,124.0
Region,HY_MOYAMBA,2042,124.0
Region,HY_MOYAMBA,2043,124.0
Region,HY_MOYAMBA,2044,124.0
Region,HY_MOYAMBA,2045,124.0
Region,HY_MOYAMBA,2046,124.0
Region,HY_MOYAMBA,2047,124.0
Region,HY_MOYAMBA,2048,124.0
Region,HY_MOYAMBA,2049,124.0
Region,HY_MOYAMBA,2050,124.0
Region,HY_MOYAMBA,2051,124.0
Region,HY_MOYAMBA,2052,124.0
Region,HY_MOYAMBA,2053,124.0
Region,HY_MOYAMBA,2054,124.0
Region,HY_MOYAMBA,2055,124.0
Region,HY_MOYAMBA,2056,124.0
Region,HY_MOYAMBA,2057,124.0
Region,HY_MOYAMBA,2058,124.0
Region,HY_MOYAMBA,2059,124.0
Region,HY_MOYAMBA,2060,124.0
Region,HY_MOYAMBA,2061,124.0
Region,HY_MOYAMBA,2062,124.0
Region,HY_MOYAMBA,2063,124.0
Region,HY_MOYAMBA,2064,124.0
Region,HY_MOYAMBA,2065,124.0
Region,HY_YELE,2015,124.0
Region,HY_YELE,2016,124.0
Region,HY_YELE,2017,124.0
Region,HY_YELE,2018,124.0
Region,HY_YELE,2019,124.0
Region,HY_YELE,2020,124.0
Region,HY_YELE,2021,124.0
Region,HY_YELE,2022,124.0
Region,HY_YELE,2023,124.0
Region,HY_YELE,2024,124.0
Region,HY_YELE,2025,124.0
Region,HY_YELE,2026,124.0
Region,HY_YELE,2027,124.0
Region,HY_YELE,2028,124.0
Region,HY_YELE,2029,124.0
Region,HY_YELE,2030,124.0
Region,HY_YELE,2031,124.0
Region,HY_YELE,2032,124.0
Region,HY_YELE,2033,124.0
Region,HY_YELE,2034,124.0
Region,HY_YELE,2035,124.0
Region,HY_YELE,2036,124.0
Region,HY_YELE,2037,124.0
Region,HY_YELE,2038,124.0
Region,HY_YELE,2039,124.0
Region,HY_YELE,2040,124.0
Region,HY_YELE,2041,124.0
Region,HY_YELE,2042,124.0
Region,HY_YELE,2043,124.0
Region,HY_YELE,2044,124.0
Region,HY_YELE,2045,124.0
Region,HY_YELE,2046,124.0
Region,HY_YELE,2047,124.0
Region,HY_YELE,2048,124.0
Region,HY_YELE,2049,124.0
Region,HY_YELE,2050,124.0
Region,HY_YELE,2051,124.0
Region,HY_YELE,2052,124.0
Region,HY_YELE,2053,124.0
Region,HY_YELE,2054,124.0
Region,HY_YELE,2055,124.0
Region,HY_YELE,2056,124.0
Region,HY_YELE,2057,124.0
Region,HY_YELE,2058,124.0
Region,HY_YELE,2059,124.0
Region,HY_YELE,2060,124.0
Region,HY_YELE,2061,124.0
Region,HY_YELE,2062,124.0
Region,HY_YELE,2063,124.0
Region,HY_YELE,2064,124.0
Region,HY_YELE,2065,124.0
Region,PV_NEWTON,2015,21.74
Region,PV_NEWTON,2016,21.0878
Region,PV_NEWTON,2017,20.455166
Region,PV_NEWTON,2018,19.84151102
Region,PV_NEWTON,2019,19.24626569
Region,PV_NEWTON,2020,18.66887772
Region,PV_NEWTON,2021,18.10881139
Region,PV_NEWTON,2022,17.56554705
Region,PV_NEWTON,2023,17.03858063
Region,PV_NEWTON,2024,16.52742322
Region,PV_NEWTON,2025,16.03160052
Region,PV_NEWTON,2026,15.5506525
Region,PV_NEWTON,2027,15.08413293
Region,PV_NEWTON,2028,14.63160894
Region,PV_NEWTON,2029,14.19266067
Region,PV_NEWTON,2030,13.76688085
Region,PV_NEWTON,2031,13.35387443
Region,PV_NEWTON,2032,12.95325819
Region,PV_NEWTON,2033,12.56466045
Region,PV_NEWTON,2034,12.18772063
Region,PV_NEWTON,2035,11.82208902
Region,PV_NEWTON,2036,11.46742634
Region,PV_NEWTON,2037,11.12340355
Region,PV_NEWTON,2038,10.78970145
Region,PV_NEWTON,2039,10.4660104
Region,PV_NEWTON,2040,10.15203009
Region,PV_NEWTON,2041,9.847469189
Region,PV_NEWTON,2042,9.552045114
Region,PV_NEWTON,2043,9.26548376
Region,PV_NEWTON,2044,8.987519248
Region,PV_NEWTON,2045,8.71789367
Region,PV_NEWTON,2046,8.45635686
Region,PV_NEWTON,2047,8.202666154
Region,PV_NEWTON,2048,7.95658617
Region,PV_NEWTON,2049,7.717888585
Region,PV_NEWTON,2050,7.486351927
Region,PV_NEWTON,2051,7.261761369
Region,PV_NEWTON,2052,7.043908528
Region,PV_NEWTON,2053,6.832591272
Region,PV_NEWTON,2054,6.627613534
Region,PV_NEWTON,2055,6.428785128
Region,PV_NEWTON,2056,6.235921574
Region,PV_NEWTON,2057,6.048843927
Region,PV_NEWTON,2058,5.867378609
Region,PV_NEWTON,2059,5.691357251
Region,PV_NEWTON,2060,5.520616533
Region,PV_NEWTON,2061,5.354998037
Region,PV_NEWTON,2062,5.194348096
Region,PV_NEWTON,2063,5.038517653
Region,PV_NEWTON,2064,4.887362124
Region,PV_NEWTON,2065,4.74074126
Region,PV_SOLAR2,2015,21.74
Region,PV_SOLAR2,2016,21.0878
Region,PV_SOLAR2,2017,20.455166
Region,PV_SOLAR2,2018,19.84151102
Region,PV_SOLAR2,2019,19.24626569
Region,PV_SOLAR2,2020,18.66887772
Region,PV_SOLAR2,2021,18.10881139
Region,PV_SOLAR2,2022,17.56554705
Region,PV_SOLAR2,2023,17.03858063
Region,PV_SOLAR2,2024,16.52742322
Region,PV_SOLAR2,2025,16.03160052
Region,PV_SOLAR2,2026,15.5506525
Region,PV_SOLAR2,2027,15.08413293
Region,PV_SOLAR2,2028,14.63160894
Region,PV_SOLAR2,2029,14.19266067
Region,PV_SOLAR2,2030,13.76688085
Region,PV_SOLAR2,2031,13.35387443
Region,PV_SOLAR2,2032,12.95325819
Region,PV_SOLAR2,2033,12.56466045
Region,PV_SOLAR2,2034,12.18772063
Region,PV_SOLAR2,2035,11.82208902
Region,PV_SOLAR2,2036,11.46742634
Region,PV_SOLAR2,2037,11.12340355
Region,PV_SOLAR2,2038,10.78970145
Region,PV_SOLAR2,2039,10.4660104
Region,PV_SOLAR2,2040,10.15203009
Region,PV_SOLAR2,2041,9.847469189
Region,PV_SOLAR2,2042,9.552045114
Region,PV_SOLAR2,2043,9.26548376
Region,PV_SOLAR2,2044,8.987519248
Region,PV_SOLAR2,2045,8.71789367
Region,PV_SOLAR2,2046,8.45635686
Region,PV_SOLAR2,2047,8.202666154
Region,PV_SOLAR2,2048,7.95658617
Region,PV_SOLAR2,2049,7.717888585
Region,PV_SOLAR2,2050,7.486351927
Region,PV_SOLAR2,2051,7.261761369
Region,PV_SOLAR2,2052,7.043908528
Region,PV_SOLAR2,2053,6.832591272
Region,PV_SOLAR2,2054,6.627613534
Region,PV_SOLAR2,2055,6.428785128
Region,PV_SOLAR2,2056,6.235921574
Region,PV_SOLAR2,2057,6.048843927
Region,PV_SOLAR2,2058,5.867378609
Region,PV_SOLAR2,2059,5.691357251
Region,PV_SOLAR2,2060,5.520616533
Region,PV_SOLAR2,2061,5.354998037
Region,PV_SOLAR2,2062,5.194348096
Region,PV_SOLAR2,2063,5.038517653
Region,PV_SOLAR2,2064,4.887362124
Region,PV_SOLAR2,2065,4.74074126
Region,PV_YAMANDU,2015,21.74
Region,PV_YAMANDU,2016,21.0878
Region,PV_YAMANDU,2017,20.455166
Region,PV_YAMANDU,2018,19.84151102
Region,PV_YAMANDU,2019,19.24626569
Region,PV_YAMANDU,2020,18.66887772
Region,PV_YAMANDU,2021,18.10881139
Region,PV_YAMANDU,2022,17.56554705
Region,PV_YAMANDU,2023,17.03858063
Region,PV_YAMANDU,2024,16.52742322
Region,PV_YAMANDU,2025,16.03160052
Region,PV_YAMANDU,2026,15.5506525
Region,PV_YAMANDU,2027,15.08413293
Region,PV_YAMANDU,2028,14.63160894
Region,PV_YAMANDU,2029,14.19266067
Region,PV_YAMANDU,2030,13.76688085
Region,PV_YAMANDU,2031,13.35387443
Region,PV_YAMANDU,2032,12.95325819
Region,PV_YAMANDU,2033,12.56466045
Region,PV_YAMANDU,2034,12.18772063
Region,PV_YAMANDU,2035,11.82208902
Region,PV_YAMANDU,2036,11.46742634
Region,PV_YAMANDU,2037,11.12340355
Region,PV_YAMANDU,2038,10.78970145
Region,PV_YAMANDU,2039,10.4660104
Region,PV_YAMANDU,2040,10.15203009
Region,PV_YAMANDU,2041,9.847469189
Region,PV_YAMANDU,2042,9.552045114
Region,PV_YAMANDU,2043,9.26548376
Region,PV_YAMANDU,2044,8.987519248
Region,PV_YAMANDU,2045,8.71789367
Region,PV_YAMANDU,2046,8.45635686
Region,PV_YAMANDU,2047,8.202666154
Region,PV_YAMANDU,2048,7.95658617
Region,PV_YAMANDU,2049,7.717888585
Region,PV_YAMANDU,2050,7.486351927
Region,PV_YAMANDU,2051,7.261761369
Region,PV_YAMANDU,2052,7.043908528
Region,PV_YAMANDU,2053,6.832591272
Region,PV_YAMANDU,2054,6.627613534
Region,PV_YAMANDU,2055,6.428785128
Region,PV_YAMANDU,2056,6.235921574
Region,PV_YAMANDU,2057,6.048843927
Region,PV_YAMANDU,2058,5.867378609
Region,PV_YAMANDU,2059,5.691357251
Region,PV_YAMANDU,2060,5.520616533
Region,PV_YAMANDU,2061,5.354998037
Region,PV_YAMANDU,2062,5.194348096
Region,PV_YAMANDU,2063,5.038517653
Region,PV_YAMANDU,2064,4.887362124
Region,PV_YAMANDU,2065,4.74074126
Region,X_BIO,2015,82.0
Region,X_BIO,2016,82.0
Region,X_BIO,2017,82.0
Region,X_BIO,2018,82.0
Region,X_BIO,2019,82.0
Region,X_BIO,2020,82.0
Region,X_BIO,2021,82.0
Region,X_BIO,2022,82.0
Region,X_BIO,2023,82.0
Region,X_BIO,2024,82.0
Region,X_BIO,2025,82.0
Region,X_BIO,2026,82.0
Region,X_BIO,2027,82.0
Region,X_BIO,2028,82.0
Region,X_BIO,2029,82.0
Region,X_BIO,2030,82.0
Region,X_BIO,2031,82.0
Region,X_BIO,2032,82.0
Region,X_BIO,2033,82.0
Region,X_BIO,2034,82.0
Region,X_BIO,2035,82.0
Region,X_BIO,2036,82.0
Region,X_BIO,2037,82.0
Region,X_BIO,2038,82.0
Region,X_BIO,2039,82.0
Region,X_BIO,2040,82.0
Region,X_BIO,2041,82.0
Region,X_BIO,2042,82.0
Region,X_BIO,2043,82.0
Region,X_BIO,2044,82.0
Region,X_BIO,2045,82.0
Region,X_BIO,2046,82.0
Region,X_BIO,2047,82.0
Region,X_BIO,2048,82.0
Region,X_BIO,2049,82.0
Region,X_BIO,2050,82.0
Region,X_BIO,2051,82.0
Region,X_BIO,2052,82.0
Region,X_BIO,2053,82.0
Region,X_BIO,2054,82.0
Region,X_BIO,2055,82.0
Region,X_BIO,2056,82.0
Region,X_BIO,2057,82.0
Region,X_BIO,2058,82.0
Region,X_BIO,2059,82.0
Region,X_BIO,2060,82.0
Region,X_BIO,2061,82.0
Region,X_BIO,2062,82.0
Region,X_BIO,2063,82.0
Region,X_BIO,2064,82.0
Region,X_BIO,2065,82.0
Region,X_CSP,2015,65.0
Region,X_CSP,2016,63.0695
Region,X_CSP,2017,61.19633585
Region,X_CSP,2018,59.37880468
Region,X_CSP,2019,57.61525418
Region,X_CSP,2020,55.90408113
Region,X_CSP,2021,54.24372992
Region,X_CSP,2022,52.63269114
Region,X_CSP,2023,51.06950021
Region,X_CSP,2024,49.55273606
Region,X_CSP,2025,48.0810198
Region,X_CSP,2026,46.65301351
Region,X_CSP,2027,45.26741901
Region,X_CSP,2028,43.92297666
Region,X_CSP,2029,42.61846425
Region,X_CSP,2030,41.35269587
Region,X_CSP,2031,40.1245208
Region,X_CSP,2032,38.93282253
Region,X_CSP,2033,37.7765177
Region,X_CSP,2034,36.65455513
Region,X_CSP,2035,35.56591484
Region,X_CSP,2036,34.50960717
Region,X_CSP,2037,33.48467184
Region,X_CSP,2038,32.49017708
Region,X_CSP,2039,31.52521882
Region,X_CSP,2040,30.58891982
Region,X_CSP,2041,29.68042891
Region,X_CSP,2042,28.79892017
Region,X_CSP,2043,27.94359224
Region,X_CSP,2044,27.11366755
Region,X_CSP,2045,26.30839162
Region,X_CSP,2046,25.52703239
Region,X_CSP,2047,24.76887953
Region,X_CSP,2048,24.03324381
Region,X_CSP,2049,23.31945647
Region,X_CSP,2050,22.62686861
Region,X_CSP,2051,21.95485061
Region,X_CSP,2052,21.30279155
Region,X_CSP,2053,20.67009864
Region,X_CSP,2054,20.05619671
Region,X_CSP,2055,19.46052767
Region,X_CSP,2056,18.88255
Region,X_CSP,2057,18.32173826
Region,X_CSP,2058,17.77758263
Region,X_CSP,2059,17.24958843
Region,X_CSP,2060,16.73727565
Region,X_CSP,2061,16.24017857
Region,X_CSP,2062,15.75784526
Region,X_CSP,2063,15.28983726
Region,X_CSP,2064,14.83572909
Region,X_CSP,2065,14.39510794
Region,X_CSP_STO,2015,93.0
Region,X_CSP_STO,2016,90.2379
Region,X_CSP_STO,2017,87.55783437
Region,X_CSP_STO,2018,84.95736669
Region,X_CSP_STO,2019,82.4341329
Region,X_CSP_STO,2020,79.98583915
Region,X_CSP_STO,2021,77.61025973
Region,X_CSP_STO,2022,75.30523501
Region,X_CSP_STO,2023,73.06866953
Region,X_CSP_STO,2024,70.89853005
Region,X_CSP_STO,2025,68.79284371
Region,X_CSP_STO,2026,66.74969625
Region,X_CSP_STO,2027,64.76723027
Region,X_CSP_STO,2028,62.84364353
Region,X_CSP_STO,2029,60.97718732
Region,X_CSP_STO,2030,59.16616486
Region,X_CSP_STO,2031,57.40892976
Region,X_CSP_STO,2032,55.70388455
Region,X_CSP_STO,2033,54.04947917
Region,X_CSP_STO,2034,52.44420964
Region,X_CSP_STO,2035,50.88661662
Region,X_CSP_STO,2036,49.3752841
Region,X_CSP_STO,2037,47.90883816
Region,X_CSP_STO,2038,46.48594567
Region,X_CSP_STO,2039,45.10531308
Region,X_CSP_STO,2040,43.76568529
Region,X_CSP_STO,2041,42.46584443
Region,X_CSP_STO,2042,41.20460885
Region,X_CSP_STO,2043,39.98083197
Region,X_CSP_STO,2044,38.79340126
Region,X_CSP_STO,2045,37.64123724
Region,X_CSP_STO,2046,36.5232925
Region,X_CSP_STO,2047,35.43855071
Region,X_CSP_STO,2048,34.38602575
Region,X_CSP_STO,2049,33.36476079
Region,X_CSP_STO,2050,32.37382739
Region,X_CSP_STO,2051,31.41232472
Region,X_CSP_STO,2052,30.47937868
Region,X_CSP_STO,2053,29.57414113
Region,X_CSP_STO,2054,28.69578914
Region,X_CSP_STO,2055,27.8435242
Region,X_CSP_STO,2056,27.01657153
Region,X_CSP_STO,2057,26.21417936
Region,X_CSP_STO,2058,25.43561823
Region,X_CSP_STO,2059,24.68018037
Region,X_CSP_STO,2060,23.94717901
Region,X_CSP_STO,2061,23.2359478
Region,X_CSP_STO,2062,22.54584015
Region,X_CSP_STO,2063,21.87622869
Region,X_CSP_STO,2064,21.2265047
Region,X_CSP_STO,2065,20.59607751
Region,X_DIESEL,2015,35.0
Region,X_DIESEL,2016,35.0
Region,X_DIESEL,2017,35.0
Region,X_DIESEL,2018,35.0
Region,X_DIESEL,2019,35.0
Region,X_DIESEL,2020,35.0
Region,X_DIESEL,2021,35.0
Region,X_DIESEL,2022,35.0
Region,X_DIESEL,2023,35.0
Region,X_DIESEL,2024,35.0
Region,X_DIESEL,2025,35.0
Region,X_DIESEL,2026,35.0
Region,X_DIESEL,2027,35.0
Region,X_DIESEL,2028,35.0
Region,X_DIESEL,2029,35.0
Region,X_DIESEL,2030,35.0
Region,X_DIESEL,2031,35.0
Region,X_DIESEL,2032,35.0
Region,X_DIESEL,2033,35.0
Region,X_DIESEL,2034,35.0
Region,X_DIESEL,2035,35.0
Region,X_DIESEL,2036,35.0
Region,X_DIESEL,2037,35.0
Region,X_DIESEL,2038,35.0
Region,X_DIESEL,2039,35.0
Region,X_DIESEL,2040,35.0
Region,X_DIESEL,2041,35.0
Region,X_DIESEL,2042,35.0
Region,X_DIESEL,2043,35.0
Region,X_DIESEL,2044,35.0
Region,X_DIESEL,2045,35.0
Region,X_DIESEL,2046,35.0
Region,X_DIESEL,2047,35.0
Region,X_DIESEL,2048,35.0
Region,X_DIESEL,2049,35.0
Region,X_DIESEL,2050,35.0
Region,X_DIESEL,2051,35.0
Region,X_DIESEL,2052,35.0
Region,X_DIESEL,2053,35.0
Region,X_DIESEL,2054,35.0
Region,X_DIESEL,2055,35.0
Region,X_DIESEL,2056,35.0
Region,X_DIESEL,2057,35.0
Region,X_DIESEL,2058,35.0
Region,X_DIESEL,2059,35.0
Region,X_DIESEL,2060,35.0
Region,X_DIESEL,2061,35.0
Region,X_DIESEL,2062,35.0
Region,X_DIESEL,2063,35.0
Region,X_DIESEL,2064,35.0
Region,X_DIESEL,2065,35.0
Region,X_DIESEL_I,2015,21.0
Region,X_DIESEL_I,2016,21.0
Region,X_DIESEL_I,2017,21.0
Region,X_DIESEL_I,2018,21.0
Region,X_DIESEL_I,2019,21.0
Region,X_DIESEL_I,2020,21.0
Region,X_DIESEL_I,2021,21.0
Region,X_DIESEL_I,2022,21.0
Region,X_DIESEL_I,2023,21.0
Region,X_DIESEL_I,2024,21.0
Region,X_DIESEL_I,2025,21.0
Region,X_DIESEL_I,2026,21.0
Region,X_DIESEL_I,2027,21.0
Region,X_DIESEL_I,2028,21.0
Region,X_DIESEL_I,2029,21.0
Region,X_DIESEL_I,2030,21.0
Region,X_DIESEL_I,2031,21.0
Region,X_DIESEL_I,2032,21.0
Region,X_DIESEL_I,2033,21.0
Region,X_DIESEL_I,2034,21.0
Region,X_DIESEL_I,2035,21.0
Region,X_DIESEL_I,2036,21.0
Region,X_DIESEL_I,2037,21.0
Region,X_DIESEL_I,2038,21.0
Region,X_DIESEL_I,2039,21.0
Region,X_DIESEL_I,2040,21.0
Region,X_DIESEL_I,2041,21.0
Region,X_DIESEL_I,2042,21.0
Region,X_DIESEL_I,2043,21.0
Region,X_DIESEL_I,2044,21.0
Region,X_DIESEL_I,2045,21.0
Region,X_DIESEL_I,2046,21.0
Region,X_DIESEL_I,2047,21.0
Region,X_DIESEL_I,2048,21.0
Region,X_DIESEL_I,2049,21.0
Region,X_DIESEL_I,2050,21.0
Region,X_DIESEL_I,2051,21.0
Region,X_DIESEL_I,2052,21.0
Region,X_DIESEL_I,2053,21.0
Region,X_DIESEL_I,2054,21.0
Region,X_DIESEL_I,2055,21.0
Region,X_DIESEL_I,2056,21.0
Region,X_DIESEL_I,2057,21.0
Region,X_DIESEL_I,2058,21.0
Region,X_DIESEL_I,2059,21.0
Region,X_DIESEL_I,2060,21.0
Region,X_DIESEL_I,2061,21.0
Region,X_DIESEL_I,2062,21.0
Region,X_DIESEL_I,2063,21.0
Region,X_DIESEL_I,2064,21.0
Region,X_DIESEL_I,2065,21.0
Region,X_DIESEL_R,2015,23.0
Region,X_DIESEL_R,2016,23.0
Region,X_DIESEL_R,2017,23.0
Region,X_DIESEL_R,2018,23.0
Region,X_DIESEL_R,2019,23.0
Region,X_DIESEL_R,2020,23.0
Region,X_DIESEL_R,2021,23.0
Region,X_DIESEL_R,2022,23.0
Region,X_DIESEL_R,2023,23.0
Region,X_DIESEL_R,2024,23.0
Region,X_DIESEL_R,2025,23.0
Region,X_DIESEL_R,2026,23.0
Region,X_DIESEL_R,2027,23.0
Region,X_DIESEL_R,2028,23.0
Region,X_DIESEL_R,2029,23.0
Region,X_DIESEL_R,2030,23.0
Region,X_DIESEL_R,2031,23.0
Region,X_DIESEL_R,2032,23.0
Region,X_DIESEL_R,2033,23.0
Region,X_DIESEL_R,2034,23.0
Region,X_DIESEL_R,2035,23.0
Region,X_DIESEL_R,2036,23.0
Region,X_DIESEL_R,2037,23.0
Region,X_DIESEL_R,2038,23.0
Region,X_DIESEL_R,2039,23.0
Region,X_DIESEL_R,2040,23.0
Region,X_DIESEL_R,2041,23.0
Region,X_DIESEL_R,2042,23.0
Region,X_DIESEL_R,2043,23.0
Region,X_DIESEL_R,2044,23.0
Region,X_DIESEL_R,2045,23.0
Region,X_DIESEL_R,2046,23.0
Region,X_DIESEL_R,2047,23.0
Region,X_DIESEL_R,2048,23.0
Region,X_DIESEL_R,2049,23.0
Region,X_DIESEL_R,2050,23.0
Region,X_DIESEL_R,2051,23.0
Region,X_DIESEL_R,2052,23.0
Region,X_DIESEL_R,2053,23.0
Region,X_DIESEL_R,2054,23.0
Region,X_DIESEL_R,2055,23.0
Region,X_DIESEL_R,2056,23.0
Region,X_DIESEL_R,2057,23.0
Region,X_DIESEL_R,2058,23.0
Region,X_DIESEL_R,2059,23.0
Region,X_DIESEL_R,2060,23.0
Region,X_DIESEL_R,2061,23.0
Region,X_DIESEL_R,2062,23.0
Region,X_DIESEL_R,2063,23.0
Region,X_DIESEL_R,2064,23.0
Region,X_DIESEL_R,2065,23.0
Region,X_DIESEL_U,2015,23.0
Region,X_DIESEL_U,2016,23.0
Region,X_DIESEL_U,2017,23.0
Region,X_DIESEL_U,2018,23.0
Region,X_DIESEL_U,2019,23.0
Region,X_DIESEL_U,2020,23.0
Region,X_DIESEL_U,2021,23.0
Region,X_DIESEL_U,2022,23.0
Region,X_DIESEL_U,2023,23.0
Region,X_DIESEL_U,2024,23.0
Region,X_DIESEL_U,2025,23.0
Region,X_DIESEL_U,2026,23.0
Region,X_DIESEL_U,2027,23.0
Region,X_DIESEL_U,2028,23.0
Region,X_DIESEL_U,2029,23.0
Region,X_DIESEL_U,2030,23.0
Region,X_DIESEL_U,2031,23.0
Region,X_DIESEL_U,2032,23.0
Region,X_DIESEL_U,2033,23.0
Region,X_DIESEL_U,2034,23.0
Region,X_DIESEL_U,2035,23.0
Region,X_DIESEL_U,2036,23.0
Region,X_DIESEL_U,2037,23.0
Region,X_DIESEL_U,2038,23.0
Region,X_DIESEL_U,2039,23.0
Region,X_DIESEL_U,2040,23.0
Region,X_DIESEL_U,2041,23.0
Region,X_DIESEL_U,2042,23.0
Region,X_DIESEL_U,2043,23.0
Region,X_DIESEL_U,2044,23.0
Region,X_DIESEL_U,2045,23.0
Region,X_DIESEL_U,2046,23.0
Region,X_DIESEL_U,2047,23.0
Region,X_DIESEL_U,2048,23.0
Region,X_DIESEL_U,2049,23.0
Region,X_DIESEL_U,2050,23.0
Region,X_DIESEL_U,2051,23.0
Region,X_DIESEL_U,2052,23.0
Region,X_DIESEL_U,2053,23.0
Region,X_DIESEL_U,2054,23.0
Region,X_DIESEL_U,2055,23.0
Region,X_DIESEL_U,2056,23.0
Region,X_DIESEL_U,2057,23.0
Region,X_DIESEL_U,2058,23.0
Region,X_DIESEL_U,2059,23.0
Region,X_DIESEL_U,2060,23.0
Region,X_DIESEL_U,2061,23.0
Region,X_DIESEL_U,2062,23.0
Region,X_DIESEL_U,2063,23.0
Region,X_DIESEL_U,2064,23.0
Region,X_DIESEL_U,2065,23.0
Region,X_HFO,2015,44.0
Region,X_HFO,2016,44.0
Region,X_HFO,2017,44.0
Region,X_HFO,2018,44.0
Region,X_HFO,2019,44.0
Region,X_HFO,2020,44.0
Region,X_HFO,2021,44.0
Region,X_HFO,2022,44.0
Region,X_HFO,2023,44.0
Region,X_HFO,2024,44.0
Region,X_HFO,2025,44.0
Region,X_HFO,2026,44.0
Region,X_HFO,2027,44.0
Region,X_HFO,2028,44.0
Region,X_HFO,2029,44.0
Region,X_HFO,2030,44.0
Region,X_HFO,2031,44.0
Region,X_HFO,2032,44.0
Region,X_HFO,2033,44.0
Region,X_HFO,2034,44.0
Region,X_HFO,2035,44.0
Region,X_HFO,2036,44.0
Region,X_HFO,2037,44.0
Region,X_HFO,2038,44.0
Region,X_HFO,2039,44.0
Region,X_HFO,2040,44.0
Region,X_HFO,2041,44.0
Region,X_HFO,2042,44.0
Region,X_HFO,2043,44.0
Region,X_HFO,2044,44.0
Region,X_HFO,2045,44.0
Region,X_HFO,2046,44.0
Region,X_HFO,2047,44.0
Region,X_HFO,2048,44.0
Region,X_HFO,2049,44.0
Region,X_HFO,2050,44.0
Region,X_HFO,2051,44.0
Region,X_HFO,2052,44.0
Region,X_HFO,2053,44.0
Region,X_HFO,2054,44.0
Region,X_HFO,2055,44.0
Region,X_HFO,2056,44.0
Region,X_HFO,2057,44.0
Region,X_HFO,2058,44.0
Region,X_HFO,2059,44.0
Region,X_HFO,2060,44.0
Region,X_HFO,2061,44.0
Region,X_HFO,2062,44.0
Region,X_HFO,2063,44.0
Region,X_HFO,2064,44.0
Region,X_HFO,2065,44.0
Region,X_HYDRO,2015,79.8
Region,X_HYDRO,2016,79.8
Region,X_HYDRO,2017,79.8
Region,X_HYDRO,2018,79.8
Region,X_HYDRO,2019,79.8
Region,X_HYDRO,2020,79.8
Region,X_HYDRO,2021,79.8
Region,X_HYDRO,2022,79.8
Region,X_HYDRO,2023,79.8
Region,X_HYDRO,2024,79.8
Region,X_HYDRO,2025,79.8
Region,X_HYDRO,2026,79.8
Region,X_HYDRO,2027,79.8
Region,X_HYDRO,2028,79.8
Region,X_HYDRO,2029,79.8
Region,X_HYDRO,2030,79.8
Region,X_HYDRO,2031,79.8
Region,X_HYDRO,2032,79.8
Region,X_HYDRO,2033,79.8
Region,X_HYDRO,2034,79.8
Region,X_HYDRO,2035,79.8
Region,X_HYDRO,2036,79.8
Region,X_HYDRO,2037,79.8
Region,X_HYDRO,2038,79.8
Region,X_HYDRO,2039,79.8
Region,X_HYDRO,2040,79.8
Region,X_HYDRO,2041,79.8
Region,X_HYDRO,2042,79.8
Region,X_HYDRO,2043,79.8
Region,X_HYDRO,2044,79.8
Region,X_HYDRO,2045,79.8
Region,X_HYDRO,2046,79.8
Region,X_HYDRO,2047,79.8
Region,X_HYDRO,2048,79.8
Region,X_HYDRO,2049,79.8
Region,X_HYDRO,2050,79.8
Region,X_HYDRO,2051,79.8
Region,X_HYDRO,2052,79.8
Region,X_HYDRO,2053,79.8
Region,X_HYDRO,2054,79.8
Region,X_HYDRO,2055,79.8
Region,X_HYDRO,2056,79.8
Region,X_HYDRO,2057,79.8
Region,X_HYDRO,2058,79.8
Region,X_HYDRO,2059,79.8
Region,X_HYDRO,2060,79.8
Region,X_HYDRO,2061,79.8
Region,X_HYDRO,2062,79.8
Region,X_HYDRO,2063,79.8
Region,X_HYDRO,2064,79.8
Region,X_HYDRO,2065,79.8
Region,X_HYDROS,2015,124.0
Region,X_HYDROS,2016,124.0
Region,X_HYDROS,2017,124.0
Region,X_HYDROS,2018,124.0
Region,X_HYDROS,2019,124.0
Region,X_HYDROS,2020,124.0
Region,X_HYDROS,2021,124.0
Region,X_HYDROS,2022,124.0
Region,X_HYDROS,2023,124.0
Region,X_HYDROS,2024,124.0
Region,X_HYDROS,2025,124.0
Region,X_HYDROS,2026,124.0
Region,X_HYDROS,2027,124.0
Region,X_HYDROS,2028,124.0
Region,X_HYDROS,2029,124.0
Region,X_HYDROS,2030,124.0
Region,X_HYDROS,2031,124.0
Region,X_HYDROS,2032,124.0
Region,X_HYDROS,2033,124.0
Region,X_HYDROS,2034,124.0
Region,X_HYDROS,2035,124.0
Region,X_HYDROS,2036,124.0
Region,X_HYDROS,2037,124.0
Region,X_HYDROS,2038,124.0
Region,X_HYDROS,2039,124.0
Region,X_HYDROS,2040,124.0
Region,X_HYDROS,2041,124.0
Region,X_HYDROS,2042,124.0
Region,X_HYDROS,2043,124.0
Region,X_HYDROS,2044,124.0
Region,X_HYDROS,2045,124.0
Region,X_HYDROS,2046,124.0
Region,X_HYDROS,2047,124.0
Region,X_HYDROS,2048,124.0
Region,X_HYDROS,2049,124.0
Region,X_HYDROS,2050,124.0
Region,X_HYDROS,2051,124.0
Region,X_HYDROS,2052,124.0
Region,X_HYDROS,2053,124.0
Region,X_HYDROS,2054,124.0
Region,X_HYDROS,2055,124.0
Region,X_HYDROS,2056,124.0
Region,X_HYDROS,2057,124.0
Region,X_HYDROS,2058,124.0
Region,X_HYDROS,2059,124.0
Region,X_HYDROS,2060,124.0
Region,X_HYDROS,2061,124.0
Region,X_HYDROS,2062,124.0
Region,X_HYDROS,2063,124.0
Region,X_HYDROS,2064,124.0
Region,X_HYDROS,2065,124.0
Region,X_MG_PV_R,2015,21.74
Region,X_MG_PV_R,2016,21.0878
Region,X_MG_PV_R,2017,20.455166
Region,X_MG_PV_R,2018,19.84151102
Region,X_MG_PV_R,2019,19.24626569
Region,X_MG_PV_R,2020,18.66887772
Region,X_MG_PV_R,2021,18.10881139
Region,X_MG_PV_R,2022,17.56554705
Region,X_MG_PV_R,2023,17.03858063
Region,X_MG_PV_R,2024,16.52742322
Region,X_MG_PV_R,2025,16.03160052
Region,X_MG_PV_R,2026,15.5506525
Region,X_MG_PV_R,2027,15.08413293
Region,X_MG_PV_R,2028,14.63160894
Region,X_MG_PV_R,2029,14.19266067
Region,X_MG_PV_R,2030,13.76688085
Region,X_MG_PV_R,2031,13.35387443
Region,X_MG_PV_R,2032,12.95325819
Region,X_MG_PV_R,2033,12.56466045
Region,X_MG_PV_R,2034,12.18772063
Region,X_MG_PV_R,2035,11.82208902
Region,X_MG_PV_R,2036,11.46742634
Region,X_MG_PV_R,2037,11.12340355
Region,X_MG_PV_R,2038,10.78970145
Region,X_MG_PV_R,2039,10.4660104
Region,X_MG_PV_R,2040,10.15203009
Region,X_MG_PV_R,2041,9.847469189
Region,X_MG_PV_R,2042,9.552045114
Region,X_MG_PV_R,2043,9.26548376
Region,X_MG_PV_R,2044,8.987519248
Region,X_MG_PV_R,2045,8.71789367
Region,X_MG_PV_R,2046,8.45635686
Region,X_MG_PV_R,2047,8.202666154
Region,X_MG_PV_R,2048,7.95658617
Region,X_MG_PV_R,2049,7.717888585
Region,X_MG_PV_R,2050,7.486351927
Region,X_MG_PV_R,2051,7.261761369
Region,X_MG_PV_R,2052,7.043908528
Region,X_MG_PV_R,2053,6.832591272
Region,X_MG_PV_R,2054,6.627613534
Region,X_MG_PV_R,2055,6.428785128
Region,X_MG_PV_R,2056,6.235921574
Region,X_MG_PV_R,2057,6.048843927
Region,X_MG_PV_R,2058,5.867378609
Region,X_MG_PV_R,2059,5.691357251
Region,X_MG_PV_R,2060,5.520616533
Region,X_MG_PV_R,2061,5.354998037
Region,X_MG_PV_R,2062,5.194348096
Region,X_MG_PV_R,2063,5.038517653
Region,X_MG_PV_R,2064,4.887362124
Region,X_MG_PV_R,2065,4.74074126
Region,X_MG_PV_U,2015,21.74
Region,X_MG_PV_U,2016,21.0878
Region,X_MG_PV_U,2017,20.455166
Region,X_MG_PV_U,2018,19.84151102
Region,X_MG_PV_U,2019,19.24626569
Region,X_MG_PV_U,2020,18.66887772
Region,X_MG_PV_U,2021,18.10881139
Region,X_MG_PV_U,2022,17.56554705
Region,X_MG_PV_U,2023,17.03858063
Region,X_MG_PV_U,2024,16.52742322
Region,X_MG_PV_U,2025,16.03160052
Region,X_MG_PV_U,2026,15.5506525
Region,X_MG_PV_U,2027,15.08413293
Region,X_MG_PV_U,2028,14.63160894
Region,X_MG_PV_U,2029,14.19266067
Region,X_MG_PV_U,2030,13.76688085
Region,X_MG_PV_U,2031,13.35387443
Region,X_MG_PV_U,2032,12.95325819
Region,X_MG_PV_U,2033,12.56466045
Region,X_MG_PV_U,2034,12.18772063
Region,X_MG_PV_U,2035,11.82208902
Region,X_MG_PV_U,2036,11.46742634
Region,X_MG_PV_U,2037,11.12340355
Region,X_MG_PV_U,2038,10.78970145
Region,X_MG_PV_U,2039,10.4660104
Region,X_MG_PV_U,2040,10.15203009
Region,X_MG_PV_U,2041,9.847469189
Region,X_MG_PV_U,2042,9.552045114
Region,X_MG_PV_U,2043,9.26548376
Region,X_MG_PV_U,2044,8.987519248
Region,X_MG_PV_U,2045,8.71789367
Region,X_MG_PV_U,2046,8.45635686
Region,X_MG_PV_U,2047,8.202666154
Region,X_MG_PV_U,2048,7.95658617
Region,X_MG_PV_U,2049,7.717888585
Region,X_MG_PV_U,2050,7.486351927
Region,X_MG_PV_U,2051,7.261761369
Region,X_MG_PV_U,2052,7.043908528
Region,X_MG_PV_U,2053,6.832591272
Region,X_MG_PV_U,2054,6.627613534
Region,X_MG_PV_U,2055,6.428785128
Region,X_MG_PV_U,2056,6.235921574
Region,X_MG_PV_U,2057,6.048843927
Region,X_MG_PV_U,2058,5.867378609
Region,X_MG_PV_U,2059,5.691357251
Region,X_MG_PV_U,2060,5.520616533
Region,X_MG_PV_U,2061,5.354998037
Region,X_MG_PV_U,2062,5.194348096
Region,X_MG_PV_U,2063,5.038517653
Region,X_MG_PV_U,2064,4.887362124
Region,X_MG_PV_U,2065,4.74074126
Region,X_PV,2015,21.74
Region,X_PV,2016,21.0878
Region,X_PV,2017,20.455166
Region,X_PV,2018,19.84151102
Region,X_PV,2019,19.24626569
Region,X_PV,2020,18.66887772
Region,X_PV,2021,18.10881139
Region,X_PV,2022,17.56554705
Region,X_PV,2023,17.03858063
Region,X_PV,2024,16.52742322
Region,X_PV,2025,16.03160052
Region,X_PV,2026,15.5506525
Region,X_PV,2027,15.08413293
Region,X_PV,2028,14.63160894
Region,X_PV,2029,14.19266067
Region,X_PV,2030,13.76688085
Region,X_PV,2031,13.35387443
Region,X_PV,2032,12.95325819
Region,X_PV,2033,12.56466045
Region,X_PV,2034,12.18772063
Region,X_PV,2035,11.82208902
Region,X_PV,2036,11.46742634
Region,X_PV,2037,11.12340355
Region,X_PV,2038,10.78970145
Region,X_PV,2039,10.4660104
Region,X_PV,2040,10.15203009
Region,X_PV,2041,9.847469189
Region,X_PV,2042,9.552045114
Region,X_PV,2043,9.26548376
Region,X_PV,2044,8.987519248
Region,X_PV,2045,8.71789367
Region,X_PV,2046,8.45635686
Region,X_PV,2047,8.202666154
Region,X_PV,2048,7.95658617
Region,X_PV,2049,7.717888585
Region,X_PV,2050,7.486351927
Region,X_PV,2051,7.261761369
Region,X_PV,2052,7.043908528
Region,X_PV,2053,6.832591272
Region,X_PV,2054,6.627613534
Region,X_PV,2055,6.428785128
Region,X_PV,2056,6.235921574
Region,X_PV,2057,6.048843927
Region,X_PV,2058,5.867378609
Region,X_PV,2059,5.691357251
Region,X_PV,2060,5.520616533
Region,X_PV,2061,5.354998037
Region,X_PV,2062,5.194348096
Region,X_PV,2063,5.038517653
Region,X_PV,2064,4.887362124
Region,X_PV,2065,4.74074126
Region,X_PV_STA_R,2015,50.0
Region,X_PV_STA_R,2016,47.0
Region,X_PV_STA_R,2017,44.18
Region,X_PV_STA_R,2018,41.5292
Region,X_PV_STA_R,2019,39.037448
Region,X_PV_STA_R,2020,36.69520112
Region,X_PV_STA_R,2021,34.49348905
Region,X_PV_STA_R,2022,32.42387971
Region,X_PV_STA_R,2023,30.47844693
Region,X_PV_STA_R,2024,28.64974011
Region,X_PV_STA_R,2025,26.9307557
Region,X_PV_STA_R,2026,25.31491036
Region,X_PV_STA_R,2027,23.79601574
Region,X_PV_STA_R,2028,22.3682548
Region,X_PV_STA_R,2029,21.02615951
Region,X_PV_STA_R,2030,19.76458994
Region,X_PV_STA_R,2031,18.57871454
Region,X_PV_STA_R,2032,17.46399167
Region,X_PV_STA_R,2033,16.41615217
Region,X_PV_STA_R,2034,15.43118304
Region,X_PV_STA_R,2035,14.50531206
Region,X_PV_STA_R,2036,13.63499333
Region,X_PV_STA_R,2037,12.81689373
Region,X_PV_STA_R,2038,12.04788011
Region,X_PV_STA_R,2039,11.3250073
Region,X_PV_STA_R,2040,10.64550686
Region,X_PV_STA_R,2041,10.00677645
Region,X_PV_STA_R,2042,9.406369865
Region,X_PV_STA_R,2043,8.841987674
Region,X_PV_STA_R,2044,8.311468413
Region,X_PV_STA_R,2045,7.812780308
Region,X_PV_STA_R,2046,7.34401349
Region,X_PV_STA_R,2047,6.90337268
Region,X_PV_STA_R,2048,6.48917032
Region,X_PV_STA_R,2049,6.0998201
Region,X_PV_STA_R,2050,5.733830894
Region,X_PV_STA_R,2051,5.389801041
Region,X_PV_STA_R,2052,5.066412978
Region,X_PV_STA_R,2053,4.7624282
Region,X_PV_STA_R,2054,4.476682508
Region,X_PV_STA_R,2055,4.208081557
Region,X_PV_STA_R,2056,3.955596664
Region,X_PV_STA_R,2057,3.718260864
Region,X_PV_STA_R,2058,3.495165212
Region,X_PV_STA_R,2059,3.285455299
Region,X_PV_STA_R,2060,3.088327981
Region,X_PV_STA_R,2061,2.903028303
Region,X_PV_STA_R,2062,2.728846604
Region,X_PV_STA_R,2063,2.565115808
Region,X_PV_STA_R,2064,2.41120886
Region,X_PV_STA_R,2065,2.266536328
Region,X_PV_STA_U,2015,50.0
Region,X_PV_STA_U,2016,47.0
Region,X_PV_STA_U,2017,44.18
Region,X_PV_STA_U,2018,41.5292
Region,X_PV_STA_U,2019,39.037448
Region,X_PV_STA_U,2020,36.69520112
Region,X_PV_STA_U,2021,34.49348905
Region,X_PV_STA_U,2022,32.42387971
Region,X_PV_STA_U,2023,30.47844693
Region,X_PV_STA_U,2024,28.64974011
Region,X_PV_STA_U,2025,26.9307557
Region,X_PV_STA_U,2026,25.31491036
Region,X_PV_STA_U,2027,23.79601574
Region,X_PV_STA_U,2028,22.3682548
Region,X_PV_STA_U,2029,21.02615951
Region,X_PV_STA_U,2030,19.76458994
Region,X_PV_STA_U,2031,18.57871454
Region,X_PV_STA_U,2032,17.46399167
Region,X_PV_STA_U,2033,16.41615217
Region,X_PV_STA_U,2034,15.43118304
Region,X_PV_STA_U,2035,14.50531206
Region,X_PV_STA_U,2036,13.63499333
Region,X_PV_STA_U,2037,12.81689373
Region,X_PV_STA_U,2038,12.04788011
Region,X_PV_STA_U,2039,11.3250073
Region,X_PV_STA_U,2040,10.64550686
Region,X_PV_STA_U,2041,10.00677645
Region,X_PV_STA_U,2042,9.406369865
Region,X_PV_STA_U,2043,8.841987674
Region,X_PV_STA_U,2044,8.311468413
Region,X_PV_STA_U,2045,7.812780308
Region,X_PV_STA_U,2046,7.34401349
Region,X_PV_STA_U,2047,6.90337268
Region,X_PV_STA_U,2048,6.48917032
Region,X_PV_STA_U,2049,6.0998201
Region,X_PV_STA_U,2050,5.733830894
Region,X_PV_STA_U,2051,5.389801041
Region,X_PV_STA_U,2052,5.066412978
Region,X_PV_STA_U,2053,4.7624282
Region,X_PV_STA_U,2054,4.476682508
Region,X_PV_STA_U,2055,4.208081557
Region,X_PV_STA_U,2056,3.955596664
Region,X_PV_STA_U,2057,3.718260864
Region,X_PV_STA_U,2058,3.495165212
Region,X_PV_STA_U,2059,3.285455299
Region,X_PV_STA_U,2060,3.088327981
Region,X_PV_STA_U,2061,2.903028303
Region,X_PV_STA_U,2062,2.728846604
Region,X_PV_STA_U,2063,2.565115808
Region,X_PV_STA_U,2064,2.41120886
Region,X_PV_STA_U,2065,2.266536328
Region,X_PV_STO,2015,61.0
Region,X_PV_STO,2016,57.34
Region,X_PV_STO,2017,53.8996
Region,X_PV_STO,2018,50.665624
Region,X_PV_STO,2019,47.62568656
Region,X_PV_STO,2020,44.76814537
Region,X_PV_STO,2021,42.08205664
Region,X_PV_STO,2022,39.55713325
Region,X_PV_STO,2023,37.18370525
Region,X_PV_STO,2024,34.95268294
Region,X_PV_STO,2025,32.85552196
Region,X_PV_STO,2026,30.88419064
Region,X_PV_STO,2027,29.0311392
Region,X_PV_STO,2028,27.28927085
Region,X_PV_STO,2029,25.6519146
Region,X_PV_STO,2030,24.11279972
Region,X_PV_STO,2031,22.66603174
Region,X_PV_STO,2032,21.30606984
Region,X_PV_STO,2033,20.02770565
Region,X_PV_STO,2034,18.82604331
Region,X_PV_STO,2035,17.69648071
Region,X_PV_STO,2036,16.63469187
Region,X_PV_STO,2037,15.63661035
Region,X_PV_STO,2038,14.69841373
Region,X_PV_STO,2039,13.81650891
Region,X_PV_STO,2040,12.98751837
Region,X_PV_STO,2041,12.20826727
Region,X_PV_STO,2042,11.47577124
Region,X_PV_STO,2043,10.78722496
Region,X_PV_STO,2044,10.13999146
Region,X_PV_STO,2045,9.531591976
Region,X_PV_STO,2046,8.959696458
Region,X_PV_STO,2047,8.42211467
Region,X_PV_STO,2048,7.91678779
Region,X_PV_STO,2049,7.441780523
Region,X_PV_STO,2050,6.995273691
Region,X_PV_STO,2051,6.57555727
Region,X_PV_STO,2052,6.181023834
Region,X_PV_STO,2053,5.810162404
Region,X_PV_STO,2054,5.461552659
Region,X_PV_STO,2055,5.1338595
Region,X_PV_STO,2056,4.82582793
Region,X_PV_STO,2057,4.536278254
Region,X_PV_STO,2058,4.264101559
Region,X_PV_STO,2059,4.008255465
Region,X_PV_STO,2060,3.767760137
Region,X_PV_STO,2061,3.541694529
Region,X_PV_STO,2062,3.329192857
Region,X_PV_STO,2063,3.129441286
Region,X_PV_STO,2064,2.941674809
Region,X_PV_STO,2065,2.76517432
Region,X_WI_OFF,2015,159.1364205
Region,X_WI_OFF,2016,159.1364205
Region,X_WI_OFF,2017,158.7946815
Region,X_WI_OFF,2018,158.4529426
Region,X_WI_OFF,2019,158.1112037
Region,X_WI_OFF,2020,157.7694648
Region,X_WI_OFF,2021,157.4277259
Region,X_WI_OFF,2022,157.085987
Region,X_WI_OFF,2023,156.7442481
Region,X_WI_OFF,2024,156.4025091
Region,X_WI_OFF,2025,156.0607702
Region,X_WI_OFF,2026,155.7190313
Region,X_WI_OFF,2027,155.3772924
Region,X_WI_OFF,2028,155.0355535
Region,X_WI_OFF,2029,154.6938146
Region,X_WI_OFF,2030,154.3520757
Region,X_WI_OFF,2031,154.0103368
Region,X_WI_OFF,2032,153.6685978
Region,X_WI_OFF,2033,153.3268589
Region,X_WI_OFF,2034,152.98512
Region,X_WI_OFF,2035,152.6433811
Region,X_WI_OFF,2036,152.3016422
Region,X_WI_OFF,2037,151.9599033
Region,X_WI_OFF,2038,151.6181644
Region,X_WI_OFF,2039,151.2764255
Region,X_WI_OFF,2040,150.9346865
Region,X_WI_OFF,2041,150.5929476
Region,X_WI_OFF,2042,150.2512087
Region,X_WI_OFF,2043,149.9094698
Region,X_WI_OFF,2044,149.5677309
Region,X_WI_OFF,2045,149.225992
Region,X_WI_OFF,2046,148.8842531
Region,X_WI_OFF,2047,148.5425142
Region,X_WI_OFF,2048,148.2007752
Region,X_WI_OFF,2049,147.8590363
Region,X_WI_OFF,2050,147.5172974
Region,X_WI_OFF,2051,147.1755585
Region,X_WI_OFF,2052,146.8353993
Region,X_WI_OFF,2053,146.4960262
Region,X_WI_OFF,2054,146.1574376
Region,X_WI_OFF,2055,145.8196315
Region,X_WI_OFF,2056,145.4826061
Region,X_WI_OFF,2057,145.1463598
Region,X_WI_OFF,2058,144.8108905
Region,X_WI_OFF,2059,144.4761966
Region,X_WI_OFF,2060,144.1422763
Region,X_WI_OFF,2061,143.8091277
Region,X_WI_OFF,2062,143.4767492
Region,X_WI_OFF,2063,143.1451388
Region,X_WI_OFF,2064,142.8142949
Region,X_WI_OFF,2065,142.4842156
Region,X_WI_ON,2015,51.3309867
Region,X_WI_ON,2016,51.3309867
Region,X_WI_ON,2017,50.96169902
Region,X_WI_ON,2018,50.59241135
Region,X_WI_ON,2019,50.22312367
Region,X_WI_ON,2020,49.853836
Region,X_WI_ON,2021,49.48454833
Region,X_WI_ON,2022,49.11526065
Region,X_WI_ON,2023,48.74597298
Region,X_WI_ON,2024,48.3766853
Region,X_WI_ON,2025,48.00739763
Region,X_WI_ON,2026,47.63810996
Region,X_WI_ON,2027,47.26882228
Region,X_WI_ON,2028,46.89953461
Region,X_WI_ON,2029,46.53024693
Region,X_WI_ON,2030,46.16095926
Region,X_WI_ON,2031,45.79167158
Region,X_WI_ON,2032,45.42238391
Region,X_WI_ON,2033,45.05309624
Region,X_WI_ON,2034,44.68380856
Region,X_WI_ON,2035,44.31452089
Region,X_WI_ON,2036,43.94523321
Region,X_WI_ON,2037,43.57594554
Region,X_WI_ON,2038,43.20665787
Region,X_WI_ON,2039,42.83737019
Region,X_WI_ON,2040,42.46808252
Region,X_WI_ON,2041,42.09879484
Region,X_WI_ON,2042,41.72950717
Region,X_WI_ON,2043,41.3602195
Region,X_WI_ON,2044,40.99093182
Region,X_WI_ON,2045,40.62164415
Region,X_WI_ON,2046,40.25235647
Region,X_WI_ON,2047,39.8830688
Region,X_WI_ON,2048,39.51378113
Region,X_WI_ON,2049,39.14449345
Region,X_WI_ON,2050,38.77520578
Region,X_WI_ON,2051,38.77520578
Region,X_WI_ON,2052,38.40940195
Region,X_WI_ON,2053,38.0470491
Region,X_WI_ON,2054,37.68811468
Region,X_WI_ON,2055,37.33256642
Region,X_WI_ON,2056,36.9803724
Region,X_WI_ON,2057,36.63150096
Region,X_WI_ON,2058,36.28592077
Region,X_WI_ON,2059,35.94360076
Region,X_WI_ON,2060,35.60451018
Region,X_WI_ON,2061,35.26861858
Region,X_WI_ON,2062,34.93589576
Region,X_WI_ON,2063,34.60631184
Region,X_WI_ON,2064,34.2798372
Region,X_WI_ON,2065,33.95644251
